Workbook

Sheet İlk 20 İstasyon
A1: EN FAZLA YÜK GELİP GİDEN İLK 20 İSTASYON
A2: İstasyon Bazlı Yük Taşımaları — 2013-2026 birleşik, Netton (TON), Giden + Gelen toplamına göre sıralı
A3: Kaynak: 2 adet SAP ZANALYSIS_PATTERN çıktısı birleştirilmiştir (30aa1bf0-ZANALYSIS_PATTERN_NEW_3.xls → 2013-2016 ve fef7ddf6-ZANALYSIS_PATTERN__20260807T105517.750.xls → 2017-2026). 2026 yılı kısmi (yıl tamamlanmamıştır).
A5: Sıra | B5: İstasyon | C5: Giden (Netton) | D5: Gelen (Netton) | E5: TOPLAM (Netton) | F5: Pay % | G5: Kümülatif % | H5: 2013-2016 Toplam | I5: 2017-2026 Toplam
A6: 1 | B6: Ülkü | C6: ='Tüm İstasyonlar (Birleşik)'!AE6 | D6: ='Tüm İstasyonlar (Birleşik)'!AF6 | E6: =C6+D6 | F6: =IFERROR(E6/'Tüm İstasyonlar (Birleşik)'!$AG$357,0) | G6: =IFERROR(SUM($E$6:E6)/'Tüm İstasyonlar (Birleşik)'!$AG$357,0) | H6: =SUM('Tüm İstasyonlar (Birleşik)'!C6,'Tüm İstasyonlar (Birleşik)'!D6,'Tüm İstasyonlar (Birleşik)'!E6,'Tüm İstasyonlar (Birleşik)'!F6,'Tüm İstasyonlar (Birleşik)'!G6,'Tüm İstasyonlar (Birleşik)'!H6,'Tüm İstasyonlar (Birleşik)'!I6,'Tüm İstasyonlar (Birleşik)'!J6) | I6: =SUM('Tüm İstasyonlar (Birleşik)'!K6,'Tüm İstasyonlar (Birleşik)'!L6,'Tüm İstasyonlar (Birleşik)'!M6,'Tüm İstasyonlar (Birleşik)'!N6,'Tüm İstasyonlar (Birleşik)'!O6,'Tüm İstasyonlar (Birleşik)'!P6,'Tüm İstasyonlar (Birleşik)'!Q6,'Tüm İstasyonlar (Birleşik)'!R6,'Tüm İstasyonlar (Birleşik)'!S6,'Tüm İstasyonlar (Birleşik)'!T6,'Tüm İstasyonlar (Birleşik)'!U6,'Tüm İstasyonlar (Birleşik)'!V6,'Tüm İstasyonlar (Birleşik)'!W6,'Tüm İstasyonlar (Birleşik)'!X6,'Tüm İstasyonlar (Birleşik)'!Y6,'Tüm İstasyonlar (Birleşik)'!Z6,'Tüm İstasyonlar (Birleşik)'!AA6,'Tüm İstasyonlar (Birleşik)'!AB6,'Tüm İstasyonlar (Birleşik)'!AC6,'Tüm İstasyonlar (Birleşik)'!AD6)
A7: 2 | B7: Payas | C7: ='Tüm İstasyonlar (Birleşik)'!AE7 | D7: ='Tüm İstasyonlar (Birleşik)'!AF7 | E7: =C7+D7 | F7: =IFERROR(E7/'Tüm İstasyonlar (Birleşik)'!$AG$357,0) | G7: =IFERROR(SUM($E$6:E7)/'Tüm İstasyonlar (Birleşik)'!$AG$357,0) | H7: =SUM('Tüm İstasyonlar (Birleşik)'!C7,'Tüm İstasyonlar (Birleşik)'!D7,'Tüm İstasyonlar (Birleşik)'!E7,'Tüm İstasyonlar (Birleşik)'!F7,'Tüm İstasyonlar (Birleşik)'!G7,'Tüm İstasyonlar (Birleşik)'!H7,'Tüm İstasyonlar (Birleşik)'!I7,'Tüm İstasyonlar (Birleşik)'!J7) | I7: =SUM('Tüm İstasyonlar (Birleşik)'!K7,'Tüm İstasyonlar (Birleşik)'!L7,'Tüm İstasyonlar (Birleşik)'!M7,'Tüm İstasyonlar (Birleşik)'!N7,'Tüm İstasyonlar (Birleşik)'!O7,'Tüm İstasyonlar (Birleşik)'!P7,'Tüm İstasyonlar (Birleşik)'!Q7,'Tüm İstasyonlar (Birleşik)'!R7,'Tüm İstasyonlar (Birleşik)'!S7,'Tüm İstasyonlar (Birleşik)'!T7,'Tüm İstasyonlar (Birleşik)'!U7,'Tüm İstasyonlar (Birleşik)'!V7,'Tüm İstasyonlar (Birleşik)'!W7,'Tüm İstasyonlar (Birleşik)'!X7,'Tüm İstasyonlar (Birleşik)'!Y7,'Tüm İstasyonlar (Birleşik)'!Z7,'Tüm İstasyonlar (Birleşik)'!AA7,'Tüm İstasyonlar (Birleşik)'!AB7,'Tüm İstasyonlar (Birleşik)'!AC7,'Tüm İstasyonlar (Birleşik)'!AD7)
A8: 3 | B8: Çatalağzı | C8: ='Tüm İstasyonlar (Birleşik)'!AE8 | D8: ='Tüm İstasyonlar (Birleşik)'!AF8 | E8: =C8+D8 | F8: =IFERROR(E8/'Tüm İstasyonlar (Birleşik)'!$AG$357,0) | G8: =IFERROR(SUM($E$6:E8)/'Tüm İstasyonlar (Birleşik)'!$AG$357,0) | H8: =SUM('Tüm İstasyonlar (Birleşik)'!C8,'Tüm İstasyonlar (Birleşik)'!D8,'Tüm İstasyonlar (Birleşik)'!E8,'Tüm İstasyonlar (Birleşik)'!F8,'Tüm İstasyonlar (Birleşik)'!G8,'Tüm İstasyonlar (Birleşik)'!H8,'Tüm İstasyonlar (Birleşik)'!I8,'Tüm İstasyonlar (Birleşik)'!J8) | I8: =SUM('Tüm İstasyonlar (Birleşik)'!K8,'Tüm İstasyonlar (Birleşik)'!L8,'Tüm İstasyonlar (Birleşik)'!M8,'Tüm İstasyonlar (Birleşik)'!N8,'Tüm İstasyonlar (Birleşik)'!O8,'Tüm İstasyonlar (Birleşik)'!P8,'Tüm İstasyonlar (Birleşik)'!Q8,'Tüm İstasyonlar (Birleşik)'!R8,'Tüm İstasyonlar (Birleşik)'!S8,'Tüm İstasyonlar (Birleşik)'!T8,'Tüm İstasyonlar (Birleşik)'!U8,'Tüm İstasyonlar (Birleşik)'!V8,'Tüm İstasyonlar (Birleşik)'!W8,'Tüm İstasyonlar (Birleşik)'!X8,'Tüm İstasyonlar (Birleşik)'!Y8,'Tüm İstasyonlar (Birleşik)'!Z8,'Tüm İstasyonlar (Birleşik)'!AA8,'Tüm İstasyonlar (Birleşik)'!AB8,'Tüm İstasyonlar (Birleşik)'!AC8,'Tüm İstasyonlar (Birleşik)'!AD8)
A9: 4 | B9: Hekimhan | C9: ='Tüm İstasyonlar (Birleşik)'!AE9 | D9: ='Tüm İstasyonlar (Birleşik)'!AF9 | E9: =C9+D9 | F9: =IFERROR(E9/'Tüm İstasyonlar (Birleşik)'!$AG$357,0) | G9: =IFERROR(SUM($E$6:E9)/'Tüm İstasyonlar (Birleşik)'!$AG$357,0) | H9: =SUM('Tüm İstasyonlar (Birleşik)'!C9,'Tüm İstasyonlar (Birleşik)'!D9,'Tüm İstasyonlar (Birleşik)'!E9,'Tüm İstasyonlar (Birleşik)'!F9,'Tüm İstasyonlar (Birleşik)'!G9,'Tüm İstasyonlar (Birleşik)'!H9,'Tüm İstasyonlar (Birleşik)'!I9,'Tüm İstasyonlar (Birleşik)'!J9) | I9: =SUM('Tüm İstasyonlar (Birleşik)'!K9,'Tüm İstasyonlar (Birleşik)'!L9,'Tüm İstasyonlar (Birleşik)'!M9,'Tüm İstasyonlar (Birleşik)'!N9,'Tüm İstasyonlar (Birleşik)'!O9,'Tüm İstasyonlar (Birleşik)'!P9,'Tüm İstasyonlar (Birleşik)'!Q9,'Tüm İstasyonlar (Birleşik)'!R9,'Tüm İstasyonlar (Birleşik)'!S9,'Tüm İstasyonlar (Birleşik)'!T9,'Tüm İstasyonlar (Birleşik)'!U9,'Tüm İstasyonlar (Birleşik)'!V9,'Tüm İstasyonlar (Birleşik)'!W9,'Tüm İstasyonlar (Birleşik)'!X9,'Tüm İstasyonlar (Birleşik)'!Y9,'Tüm İstasyonlar (Birleşik)'!Z9,'Tüm İstasyonlar (Birleşik)'!AA9,'Tüm İstasyonlar (Birleşik)'!AB9,'Tüm İstasyonlar (Birleşik)'!AC9,'Tüm İstasyonlar (Birleşik)'!AD9)
A10: 5 | B10: Yenice | C10: ='Tüm İstasyonlar (Birleşik)'!AE10 | D10: ='Tüm İstasyonlar (Birleşik)'!AF10 | E10: =C10+D10 | F10: =IFERROR(E10/'Tüm İstasyonlar (Birleşik)'!$AG$357,0) | G10: =IFERROR(SUM($E$6:E10)/'Tüm İstasyonlar (Birleşik)'!$AG$357,0) | H10: =SUM('Tüm İstasyonlar (Birleşik)'!C10,'Tüm İstasyonlar (Birleşik)'!D10,'Tüm İstasyonlar (Birleşik)'!E10,'Tüm İstasyonlar (Birleşik)'!F10,'Tüm İstasyonlar (Birleşik)'!G10,'Tüm İstasyonlar (Birleşik)'!H10,'Tüm İstasyonlar (Birleşik)'!I10,'Tüm İstasyonlar (Birleşik)'!J10) | I10: =SUM('Tüm İstasyonlar (Birleşik)'!K10,'Tüm İstasyonlar (Birleşik)'!L10,'Tüm İstasyonlar (Birleşik)'!M10,'Tüm İstasyonlar (Birleşik)'!N10,'Tüm İstasyonlar (Birleşik)'!O10,'Tüm İstasyonlar (Birleşik)'!P10,'Tüm İstasyonlar (Birleşik)'!Q10,'Tüm İstasyonlar (Birleşik)'!R10,'Tüm İstasyonlar (Birleşik)'!S10,'Tüm İstasyonlar (Birleşik)'!T10,'Tüm İstasyonlar (Birleşik)'!U10,'Tüm İstasyonlar (Birleşik)'!V10,'Tüm İstasyonlar (Birleşik)'!W10,'Tüm İstasyonlar (Birleşik)'!X10,'Tüm İstasyonlar (Birleşik)'!Y10,'Tüm İstasyonlar (Birleşik)'!Z10,'Tüm İstasyonlar (Birleşik)'!AA10,'Tüm İstasyonlar (Birleşik)'!AB10,'Tüm İstasyonlar (Birleşik)'!AC10,'Tüm İstasyonlar (Birleşik)'!AD10)
A11: 6 | B11: Yahşihan | C11: ='Tüm İstasyonlar (Birleşik)'!AE11 | D11: ='Tüm İstasyonlar (Birleşik)'!AF11 | E11: =C11+D11 | F11: =IFERROR(E11/'Tüm İstasyonlar (Birleşik)'!$AG$357,0) | G11: =IFERROR(SUM($E$6:E11)/'Tüm İstasyonlar (Birleşik)'!$AG$357,0) | H11: =SUM('Tüm İstasyonlar (Birleşik)'!C11,'Tüm İstasyonlar (Birleşik)'!D11,'Tüm İstasyonlar (Birleşik)'!E11,'Tüm İstasyonlar (Birleşik)'!F11,'Tüm İstasyonlar (Birleşik)'!G11,'Tüm İstasyonlar (Birleşik)'!H11,'Tüm İstasyonlar (Birleşik)'!I11,'Tüm İstasyonlar (Birleşik)'!J11) | I11: =SUM('Tüm İstasyonlar (Birleşik)'!K11,'Tüm İstasyonlar (Birleşik)'!L11,'Tüm İstasyonlar (Birleşik)'!M11,'Tüm İstasyonlar (Birleşik)'!N11,'Tüm İstasyonlar (Birleşik)'!O11,'Tüm İstasyonlar (Birleşik)'!P11,'Tüm İstasyonlar (Birleşik)'!Q11,'Tüm İstasyonlar (Birleşik)'!R11,'Tüm İstasyonlar (Birleşik)'!S11,'Tüm İstasyonlar (Birleşik)'!T11,'Tüm İstasyonlar (Birleşik)'!U11,'Tüm İstasyonlar (Birleşik)'!V11,'Tüm İstasyonlar (Birleşik)'!W11,'Tüm İstasyonlar (Birleşik)'!X11,'Tüm İstasyonlar (Birleşik)'!Y11,'Tüm İstasyonlar (Birleşik)'!Z11,'Tüm İstasyonlar (Birleşik)'!AA11,'Tüm İstasyonlar (Birleşik)'!AB11,'Tüm İstasyonlar (Birleşik)'!AC11,'Tüm İstasyonlar (Birleşik)'!AD11)
A12: 7 | B12: Biçerova | C12: ='Tüm İstasyonlar (Birleşik)'!AE12 | D12: ='Tüm İstasyonlar (Birleşik)'!AF12 | E12: =C12+D12 | F12: =IFERROR(E12/'Tüm İstasyonlar (Birleşik)'!$AG$357,0) | G12: =IFERROR(SUM($E$6:E12)/'Tüm İstasyonlar (Birleşik)'!$AG$357,0) | H12: =SUM('Tüm İstasyonlar (Birleşik)'!C12,'Tüm İstasyonlar (Birleşik)'!D12,'Tüm İstasyonlar (Birleşik)'!E12,'Tüm İstasyonlar (Birleşik)'!F12,'Tüm İstasyonlar (Birleşik)'!G12,'Tüm İstasyonlar (Birleşik)'!H12,'Tüm İstasyonlar (Birleşik)'!I12,'Tüm İstasyonlar (Birleşik)'!J12) | I12: =SUM('Tüm İstasyonlar (Birleşik)'!K12,'Tüm İstasyonlar (Birleşik)'!L12,'Tüm İstasyonlar (Birleşik)'!M12,'Tüm İstasyonlar (Birleşik)'!N12,'Tüm İstasyonlar (Birleşik)'!O12,'Tüm İstasyonlar (Birleşik)'!P12,'Tüm İstasyonlar (Birleşik)'!Q12,'Tüm İstasyonlar (Birleşik)'!R12,'Tüm İstasyonlar (Birleşik)'!S12,'Tüm İstasyonlar (Birleşik)'!T12,'Tüm İstasyonlar (Birleşik)'!U12,'Tüm İstasyonlar (Birleşik)'!V12,'Tüm İstasyonlar (Birleşik)'!W12,'Tüm İstasyonlar (Birleşik)'!X12,'Tüm İstasyonlar (Birleşik)'!Y12,'Tüm İstasyonlar (Birleşik)'!Z12,'Tüm İstasyonlar (Birleşik)'!AA12,'Tüm İstasyonlar (Birleşik)'!AB12,'Tüm İstasyonlar (Birleşik)'!AC12,'Tüm İstasyonlar (Birleşik)'!AD12)
A13: 8 | B13: Zonguldak | C13: ='Tüm İstasyonlar (Birleşik)'!AE13 | D13: ='Tüm İstasyonlar (Birleşik)'!AF13 | E13: =C13+D13 | F13: =IFERROR(E13/'Tüm İstasyonlar (Birleşik)'!$AG$357,0) | G13: =IFERROR(SUM($E$6:E13)/'Tüm İstasyonlar (Birleşik)'!$AG$357,0) | H13: =SUM('Tüm İstasyonlar (Birleşik)'!C13,'Tüm İstasyonlar (Birleşik)'!D13,'Tüm İstasyonlar (Birleşik)'!E13,'Tüm İstasyonlar (Birleşik)'!F13,'Tüm İstasyonlar (Birleşik)'!G13,'Tüm İstasyonlar (Birleşik)'!H13,'Tüm İstasyonlar (Birleşik)'!I13,'Tüm İstasyonlar (Birleşik)'!J13) | I13: =SUM('Tüm İstasyonlar (Birleşik)'!K13,'Tüm İstasyonlar (Birleşik)'!L13,'Tüm İstasyonlar (Birleşik)'!M13,'Tüm İstasyonlar (Birleşik)'!N13,'Tüm İstasyonlar (Birleşik)'!O13,'Tüm İstasyonlar (Birleşik)'!P13,'Tüm İstasyonlar (Birleşik)'!Q13,'Tüm İstasyonlar (Birleşik)'!R13,'Tüm İstasyonlar (Birleşik)'!S13,'Tüm İstasyonlar (Birleşik)'!T13,'Tüm İstasyonlar (Birleşik)'!U13,'Tüm İstasyonlar (Birleşik)'!V13,'Tüm İstasyonlar (Birleşik)'!W13,'Tüm İstasyonlar (Birleşik)'!X13,'Tüm İstasyonlar (Birleşik)'!Y13,'Tüm İstasyonlar (Birleşik)'!Z13,'Tüm İstasyonlar (Birleşik)'!AA13,'Tüm İstasyonlar (Birleşik)'!AB13,'Tüm İstasyonlar (Birleşik)'!AC13,'Tüm İstasyonlar (Birleşik)'!AD13)
A14: 9 | B14: Yeşilhisar | C14: ='Tüm İstasyonlar (Birleşik)'!AE14 | D14: ='Tüm İstasyonlar (Birleşik)'!AF14 | E14: =C14+D14 | F14: =IFERROR(E14/'Tüm İstasyonlar (Birleşik)'!$AG$357,0) | G14: =IFERROR(SUM($E$6:E14)/'Tüm İstasyonlar (Birleşik)'!$AG$357,0) | H14: =SUM('Tüm İstasyonlar (Birleşik)'!C14,'Tüm İstasyonlar (Birleşik)'!D14,'Tüm İstasyonlar (Birleşik)'!E14,'Tüm İstasyonlar (Birleşik)'!F14,'Tüm İstasyonlar (Birleşik)'!G14,'Tüm İstasyonlar (Birleşik)'!H14,'Tüm İstasyonlar (Birleşik)'!I14,'Tüm İstasyonlar (Birleşik)'!J14) | I14: =SUM('Tüm İstasyonlar (Birleşik)'!K14,'Tüm İstasyonlar (Birleşik)'!L14,'Tüm İstasyonlar (Birleşik)'!M14,'Tüm İstasyonlar (Birleşik)'!N14,'Tüm İstasyonlar (Birleşik)'!O14,'Tüm İstasyonlar (Birleşik)'!P14,'Tüm İstasyonlar (Birleşik)'!Q14,'Tüm İstasyonlar (Birleşik)'!R14,'Tüm İstasyonlar (Birleşik)'!S14,'Tüm İstasyonlar (Birleşik)'!T14,'Tüm İstasyonlar (Birleşik)'!U14,'Tüm İstasyonlar (Birleşik)'!V14,'Tüm İstasyonlar (Birleşik)'!W14,'Tüm İstasyonlar (Birleşik)'!X14,'Tüm İstasyonlar (Birleşik)'!Y14,'Tüm İstasyonlar (Birleşik)'!Z14,'Tüm İstasyonlar (Birleşik)'!AA14,'Tüm İstasyonlar (Birleşik)'!AB14,'Tüm İstasyonlar (Birleşik)'!AC14,'Tüm İstasyonlar (Birleşik)'!AD14)
A15: 10 | B15: Boğazköprü | C15: ='Tüm İstasyonlar (Birleşik)'!AE15 | D15: ='Tüm İstasyonlar (Birleşik)'!AF15 | E15: =C15+D15 | F15: =IFERROR(E15/'Tüm İstasyonlar (Birleşik)'!$AG$357,0) | G15: =IFERROR(SUM($E$6:E15)/'Tüm İstasyonlar (Birleşik)'!$AG$357,0) | H15: =SUM('Tüm İstasyonlar (Birleşik)'!C15,'Tüm İstasyonlar (Birleşik)'!D15,'Tüm İstasyonlar (Birleşik)'!E15,'Tüm İstasyonlar (Birleşik)'!F15,'Tüm İstasyonlar (Birleşik)'!G15,'Tüm İstasyonlar (Birleşik)'!H15,'Tüm İstasyonlar (Birleşik)'!I15,'Tüm İstasyonlar (Birleşik)'!J15) | I15: =SUM('Tüm İstasyonlar (Birleşik)'!K15,'Tüm İstasyonlar (Birleşik)'!L15,'Tüm İstasyonlar (Birleşik)'!M15,'Tüm İstasyonlar (Birleşik)'!N15,'Tüm İstasyonlar (Birleşik)'!O15,'Tüm İstasyonlar (Birleşik)'!P15,'Tüm İstasyonlar (Birleşik)'!Q15,'Tüm İstasyonlar (Birleşik)'!R15,'Tüm İstasyonlar (Birleşik)'!S15,'Tüm İstasyonlar (Birleşik)'!T15,'Tüm İstasyonlar (Birleşik)'!U15,'Tüm İstasyonlar (Birleşik)'!V15,'Tüm İstasyonlar (Birleşik)'!W15,'Tüm İstasyonlar (Birleşik)'!X15,'Tüm İstasyonlar (Birleşik)'!Y15,'Tüm İstasyonlar (Birleşik)'!Z15,'Tüm İstasyonlar (Birleşik)'!AA15,'Tüm İstasyonlar (Birleşik)'!AB15,'Tüm İstasyonlar (Birleşik)'!AC15,'Tüm İstasyonlar (Birleşik)'!AD15)
A16: 11 | B16: Demirdağ | C16: ='Tüm İstasyonlar (Birleşik)'!AE16 | D16: ='Tüm İstasyonlar (Birleşik)'!AF16 | E16: =C16+D16 | F16: =IFERROR(E16/'Tüm İstasyonlar (Birleşik)'!$AG$357,0) | G16: =IFERROR(SUM($E$6:E16)/'Tüm İstasyonlar (Birleşik)'!$AG$357,0) | H16: =SUM('Tüm İstasyonlar (Birleşik)'!C16,'Tüm İstasyonlar (Birleşik)'!D16,'Tüm İstasyonlar (Birleşik)'!E16,'Tüm İstasyonlar (Birleşik)'!F16,'Tüm İstasyonlar (Birleşik)'!G16,'Tüm İstasyonlar (Birleşik)'!H16,'Tüm İstasyonlar (Birleşik)'!I16,'Tüm İstasyonlar (Birleşik)'!J16) | I16: =SUM('Tüm İstasyonlar (Birleşik)'!K16,'Tüm İstasyonlar (Birleşik)'!L16,'Tüm İstasyonlar (Birleşik)'!M16,'Tüm İstasyonlar (Birleşik)'!N16,'Tüm İstasyonlar (Birleşik)'!O16,'Tüm İstasyonlar (Birleşik)'!P16,'Tüm İstasyonlar (Birleşik)'!Q16,'Tüm İstasyonlar (Birleşik)'!R16,'Tüm İstasyonlar (Birleşik)'!S16,'Tüm İstasyonlar (Birleşik)'!T16,'Tüm İstasyonlar (Birleşik)'!U16,'Tüm İstasyonlar (Birleşik)'!V16,'Tüm İstasyonlar (Birleşik)'!W16,'Tüm İstasyonlar (Birleşik)'!X16,'Tüm İstasyonlar (Birleşik)'!Y16,'Tüm İstasyonlar (Birleşik)'!Z16,'Tüm İstasyonlar (Birleşik)'!AA16,'Tüm İstasyonlar (Birleşik)'!AB16,'Tüm İstasyonlar (Birleşik)'!AC16,'Tüm İstasyonlar (Birleşik)'!AD16)
A17: 12 | B17: Alsancak | C17: ='Tüm İstasyonlar (Birleşik)'!AE17 | D17: ='Tüm İstasyonlar (Birleşik)'!AF17 | E17: =C17+D17 | F17: =IFERROR(E17/'Tüm İstasyonlar (Birleşik)'!$AG$357,0) | G17: =IFERROR(SUM($E$6:E17)/'Tüm İstasyonlar (Birleşik)'!$AG$357,0) | H17: =SUM('Tüm İstasyonlar (Birleşik)'!C17,'Tüm İstasyonlar (Birleşik)'!D17,'Tüm İstasyonlar (Birleşik)'!E17,'Tüm İstasyonlar (Birleşik)'!F17,'Tüm İstasyonlar (Birleşik)'!G17,'Tüm İstasyonlar (Birleşik)'!H17,'Tüm İstasyonlar (Birleşik)'!I17,'Tüm İstasyonlar (Birleşik)'!J17) | I17: =SUM('Tüm İstasyonlar (Birleşik)'!K17,'Tüm İstasyonlar (Birleşik)'!L17,'Tüm İstasyonlar (Birleşik)'!M17,'Tüm İstasyonlar (Birleşik)'!N17,'Tüm İstasyonlar (Birleşik)'!O17,'Tüm İstasyonlar (Birleşik)'!P17,'Tüm İstasyonlar (Birleşik)'!Q17,'Tüm İstasyonlar (Birleşik)'!R17,'Tüm İstasyonlar (Birleşik)'!S17,'Tüm İstasyonlar (Birleşik)'!T17,'Tüm İstasyonlar (Birleşik)'!U17,'Tüm İstasyonlar (Birleşik)'!V17,'Tüm İstasyonlar (Birleşik)'!W17,'Tüm İstasyonlar (Birleşik)'!X17,'Tüm İstasyonlar (Birleşik)'!Y17,'Tüm İstasyonlar (Birleşik)'!Z17,'Tüm İstasyonlar (Birleşik)'!AA17,'Tüm İstasyonlar (Birleşik)'!AB17,'Tüm İstasyonlar (Birleşik)'!AC17,'Tüm İstasyonlar (Birleşik)'!AD17)
... A25: 20 | B25: Yarımca | C25: ='Tüm İstasyonlar (Birleşik)'!AE25 | D25: ='Tüm İstasyonlar (Birleşik)'!AF25 | E25: =C25+D25 | F25: =IFERROR(E25/'Tüm İstasyonlar (Birleşik)'!$AG$357,0) | G25: =IFERROR(SUM($E$6:E25)/'Tüm İstasyonlar (Birleşik)'!$AG$357,0) | H25: =SUM('Tüm İstasyonlar (Birleşik)'!C25,'Tüm İstasyonlar (Birleşik)'!D25,'Tüm İstasyonlar (Birleşik)'!E25,'Tüm İstasyonlar (Birleşik)'!F25,'Tüm İstasyonlar (Birleşik)'!G25,'Tüm İstasyonlar (Birleşik)'!H25,'Tüm İstasyonlar (Birleşik)'!I25,'Tüm İstasyonlar (Birleşik)'!J25) | I25: =SUM('Tüm İstasyonlar (Birleşik)'!K25,'Tüm İstasyonlar (Birleşik)'!L25,'Tüm İstasyonlar (Birleşik)'!M25,'Tüm İstasyonlar (Birleşik)'!N25,'Tüm İstasyonlar (Birleşik)'!O25,'Tüm İstasyonlar (Birleşik)'!P25,'Tüm İstasyonlar (Birleşik)'!Q25,'Tüm İstasyonlar (Birleşik)'!R25,'Tüm İstasyonlar (Birleşik)'!S25,'Tüm İstasyonlar (Birleşik)'!T25,'Tüm İstasyonlar (Birleşik)'!U25,'Tüm İstasyonlar (Birleşik)'!V25,'Tüm İstasyonlar (Birleşik)'!W25,'Tüm İstasyonlar (Birleşik)'!X25,'Tüm İstasyonlar (Birleşik)'!Y25,'Tüm İstasyonlar (Birleşik)'!Z25,'Tüm İstasyonlar (Birleşik)'!AA25,'Tüm İstasyonlar (Birleşik)'!AB25,'Tüm İstasyonlar (Birleşik)'!AC25,'Tüm İstasyonlar (Birleşik)'!AD25)
B26: İLK 20 TOPLAMI | C26: =SUM(C6:C25) | D26: =SUM(D6:D25) | E26: =SUM(E6:E25) | F26: =IFERROR(E26/'Tüm İstasyonlar (Birleşik)'!$AG$357,0) | H26: =SUM(H6:H25) | I26: =SUM(I6:I25)
B27: TÜM İSTASYONLAR (GENEL TOPLAM) | C27: ='Tüm İstasyonlar (Birleşik)'!AE357 | D27: ='Tüm İstasyonlar (Birleşik)'!AF357 | E27: ='Tüm İstasyonlar (Birleşik)'!$AG$357 | F27: =IFERROR(E27/'Tüm İstasyonlar (Birleşik)'!$AG$357,0) | H27: ='Tüm İstasyonlar (Birleşik)'!C357+'Tüm İstasyonlar (Birleşik)'!D357+'Tüm İstasyonlar (Birleşik)'!E357+'Tüm İstasyonlar (Birleşik)'!F357+'Tüm İstasyonlar (Birleşik)'!G357+'Tüm İstasyonlar (Birleşik)'!H357+'Tüm İstasyonlar (Birleşik)'!I357+'Tüm İstasyonlar (Birleşik)'!J357 | I27: ='Tüm İstasyonlar (Birleşik)'!K357+'Tüm İstasyonlar (Birleşik)'!L357+'Tüm İstasyonlar (Birleşik)'!M357+'Tüm İstasyonlar (Birleşik)'!N357+'Tüm İstasyonlar (Birleşik)'!O357+'Tüm İstasyonlar (Birleşik)'!P357+'Tüm İstasyonlar (Birleşik)'!Q357+'Tüm İstasyonlar (Birleşik)'!R357+'Tüm İstasyonlar (Birleşik)'!S357+'Tüm İstasyonlar (Birleşik)'!T357+'Tüm İstasyonlar (Birleşik)'!U357+'Tüm İstasyonlar (Birleşik)'!V357+'Tüm İstasyonlar (Birleşik)'!W357+'Tüm İstasyonlar (Birleşik)'!X357+'Tüm İstasyonlar (Birleşik)'!Y357+'Tüm İstasyonlar (Birleşik)'!Z357+'Tüm İstasyonlar (Birleşik)'!AA357+'Tüm İstasyonlar (Birleşik)'!AB357+'Tüm İstasyonlar (Birleşik)'!AC357+'Tüm İstasyonlar (Birleşik)'!AD357

Sheet İlk 20 - Yıl Bazında
A1: İlk 20 İstasyon — Yıl Bazında Yük (Netton, TON)
A2: 2013-2016 verisi 30aa1bf0-ZANALYSIS_PATTERN_NEW_3.xls, 2017-2026 verisi fef7ddf6-ZANALYSIS_PATTERN__20260807T105517.750.xls dosyasından gelmektedir. 2026 kısmi yıldır.
A4: Sıra | B4: İstasyon | C4: 2013 | F4: 2014 | I4: 2015 | L4: 2016 | O4: 2017 | R4: 2018 | U4: 2019 | X4: 2020 | AA4: 2021 | AD4: 2022 | AG4: 2023 | AJ4: 2024 | AM4: 2025 | AP4: 2026 * | AS4: GENEL TOPLAM
C5: Giden | D5: Gelen | E5: Toplam | F5: Giden | G5: Gelen | H5: Toplam | I5: Giden | J5: Gelen | K5: Toplam | L5: Giden | M5: Gelen | N5: Toplam | O5: Giden | P5: Gelen | Q5: Toplam | R5: Giden | S5: Gelen | T5: Toplam | U5: Giden | V5: Gelen | W5: Toplam | X5: Giden | Y5: Gelen | Z5: Toplam | AA5: Giden | AB5: Gelen | AC5: Toplam | AD5: Giden | AE5: Gelen | AF5: Toplam | AG5: Giden | AH5: Gelen | AI5: Toplam | AJ5: Giden | AK5: Gelen | AL5: Toplam | AM5: Giden | AN5: Gelen | AO5: Toplam | AP5: Giden | AQ5: Gelen | AR5: Toplam
A6: 1 | B6: Ülkü | C6: ='Tüm İstasyonlar (Birleşik)'!C6 | D6: ='Tüm İstasyonlar (Birleşik)'!D6 | E6: =C6+D6 | F6: ='Tüm İstasyonlar (Birleşik)'!E6 | G6: ='Tüm İstasyonlar (Birleşik)'!F6 | H6: =F6+G6 | I6: ='Tüm İstasyonlar (Birleşik)'!G6 | J6: ='Tüm İstasyonlar (Birleşik)'!H6 | K6: =I6+J6 | L6: ='Tüm İstasyonlar (Birleşik)'!I6 | M6: ='Tüm İstasyonlar (Birleşik)'!J6 | N6: =L6+M6 | O6: ='Tüm İstasyonlar (Birleşik)'!K6 | P6: ='Tüm İstasyonlar (Birleşik)'!L6 | Q6: =O6+P6 | R6: ='Tüm İstasyonlar (Birleşik)'!M6 | S6: ='Tüm İstasyonlar (Birleşik)'!N6 | T6: =R6+S6 | U6: ='Tüm İstasyonlar (Birleşik)'!O6 | V6: ='Tüm İstasyonlar (Birleşik)'!P6 | W6: =U6+V6 | X6: ='Tüm İstasyonlar (Birleşik)'!Q6 | Y6: ='Tüm İstasyonlar (Birleşik)'!R6 | Z6: =X6+Y6 | AA6: ='Tüm İstasyonlar (Birleşik)'!S6 | AB6: ='Tüm İstasyonlar (Birleşik)'!T6 | AC6: =AA6+AB6 | AD6: ='Tüm İstasyonlar (Birleşik)'!U6 | AE6: ='Tüm İstasyonlar (Birleşik)'!V6 | AF6: =AD6+AE6 | AG6: ='Tüm İstasyonlar (Birleşik)'!W6 | AH6: ='Tüm İstasyonlar (Birleşik)'!X6 | AI6: =AG6+AH6 | AJ6: ='Tüm İstasyonlar (Birleşik)'!Y6 | AK6: ='Tüm İstasyonlar (Birleşik)'!Z6 | AL6: =AJ6+AK6 | AM6: ='Tüm İstasyonlar (Birleşik)'!AA6 | AN6: ='Tüm İstasyonlar (Birleşik)'!AB6 | AO6: =AM6+AN6 | AP6: ='Tüm İstasyonlar (Birleşik)'!AC6 | AQ6: ='Tüm İstasyonlar (Birleşik)'!AD6 | AR6: =AP6+AQ6 | AS6: =E6+H6+K6+N6+Q6+T6+W6+Z6+AC6+AF6+AI6+AL6+AO6+AR6
A7: 2 | B7: Payas | C7: ='Tüm İstasyonlar (Birleşik)'!C7 | D7: ='Tüm İstasyonlar (Birleşik)'!D7 | E7: =C7+D7 | F7: ='Tüm İstasyonlar (Birleşik)'!E7 | G7: ='Tüm İstasyonlar (Birleşik)'!F7 | H7: =F7+G7 | I7: ='Tüm İstasyonlar (Birleşik)'!G7 | J7: ='Tüm İstasyonlar (Birleşik)'!H7 | K7: =I7+J7 | L7: ='Tüm İstasyonlar (Birleşik)'!I7 | M7: ='Tüm İstasyonlar (Birleşik)'!J7 | N7: =L7+M7 | O7: ='Tüm İstasyonlar (Birleşik)'!K7 | P7: ='Tüm İstasyonlar (Birleşik)'!L7 | Q7: =O7+P7 | R7: ='Tüm İstasyonlar (Birleşik)'!M7 | S7: ='Tüm İstasyonlar (Birleşik)'!N7 | T7: =R7+S7 | U7: ='Tüm İstasyonlar (Birleşik)'!O7 | V7: ='Tüm İstasyonlar (Birleşik)'!P7 | W7: =U7+V7 | X7: ='Tüm İstasyonlar (Birleşik)'!Q7 | Y7: ='Tüm İstasyonlar (Birleşik)'!R7 | Z7: =X7+Y7 | AA7: ='Tüm İstasyonlar (Birleşik)'!S7 | AB7: ='Tüm İstasyonlar (Birleşik)'!T7 | AC7: =AA7+AB7 | AD7: ='Tüm İstasyonlar (Birleşik)'!U7 | AE7: ='Tüm İstasyonlar (Birleşik)'!V7 | AF7: =AD7+AE7 | AG7: ='Tüm İstasyonlar (Birleşik)'!W7 | AH7: ='Tüm İstasyonlar (Birleşik)'!X7 | AI7: =AG7+AH7 | AJ7: ='Tüm İstasyonlar (Birleşik)'!Y7 | AK7: ='Tüm İstasyonlar (Birleşik)'!Z7 | AL7: =AJ7+AK7 | AM7: ='Tüm İstasyonlar (Birleşik)'!AA7 | AN7: ='Tüm İstasyonlar (Birleşik)'!AB7 | AO7: =AM7+AN7 | AP7: ='Tüm İstasyonlar (Birleşik)'!AC7 | AQ7: ='Tüm İstasyonlar (Birleşik)'!AD7 | AR7: =AP7+AQ7 | AS7: =E7+H7+K7+N7+Q7+T7+W7+Z7+AC7+AF7+AI7+AL7+AO7+AR7
A8: 3 | B8: Çatalağzı | C8: ='Tüm İstasyonlar (Birleşik)'!C8 | D8: ='Tüm İstasyonlar (Birleşik)'!D8 | E8: =C8+D8 | F8: ='Tüm İstasyonlar (Birleşik)'!E8 | G8: ='Tüm İstasyonlar (Birleşik)'!F8 | H8: =F8+G8 | I8: ='Tüm İstasyonlar (Birleşik)'!G8 | J8: ='Tüm İstasyonlar (Birleşik)'!H8 | K8: =I8+J8 | L8: ='Tüm İstasyonlar (Birleşik)'!I8 | M8: ='Tüm İstasyonlar (Birleşik)'!J8 | N8: =L8+M8 | O8: ='Tüm İstasyonlar (Birleşik)'!K8 | P8: ='Tüm İstasyonlar (Birleşik)'!L8 | Q8: =O8+P8 | R8: ='Tüm İstasyonlar (Birleşik)'!M8 | S8: ='Tüm İstasyonlar (Birleşik)'!N8 | T8: =R8+S8 | U8: ='Tüm İstasyonlar (Birleşik)'!O8 | V8: ='Tüm İstasyonlar (Birleşik)'!P8 | W8: =U8+V8 | X8: ='Tüm İstasyonlar (Birleşik)'!Q8 | Y8: ='Tüm İstasyonlar (Birleşik)'!R8 | Z8: =X8+Y8 | AA8: ='Tüm İstasyonlar (Birleşik)'!S8 | AB8: ='Tüm İstasyonlar (Birleşik)'!T8 | AC8: =AA8+AB8 | AD8: ='Tüm İstasyonlar (Birleşik)'!U8 | AE8: ='Tüm İstasyonlar (Birleşik)'!V8 | AF8: =AD8+AE8 | AG8: ='Tüm İstasyonlar (Birleşik)'!W8 | AH8: ='Tüm İstasyonlar (Birleşik)'!X8 | AI8: =AG8+AH8 | AJ8: ='Tüm İstasyonlar (Birleşik)'!Y8 | AK8: ='Tüm İstasyonlar (Birleşik)'!Z8 | AL8: =AJ8+AK8 | AM8: ='Tüm İstasyonlar (Birleşik)'!AA8 | AN8: ='Tüm İstasyonlar (Birleşik)'!AB8 | AO8: =AM8+AN8 | AP8: ='Tüm İstasyonlar (Birleşik)'!AC8 | AQ8: ='Tüm İstasyonlar (Birleşik)'!AD8 | AR8: =AP8+AQ8 | AS8: =E8+H8+K8+N8+Q8+T8+W8+Z8+AC8+AF8+AI8+AL8+AO8+AR8
A9: 4 | B9: Hekimhan | C9: ='Tüm İstasyonlar (Birleşik)'!C9 | D9: ='Tüm İstasyonlar (Birleşik)'!D9 | E9: =C9+D9 | F9: ='Tüm İstasyonlar (Birleşik)'!E9 | G9: ='Tüm İstasyonlar (Birleşik)'!F9 | H9: =F9+G9 | I9: ='Tüm İstasyonlar (Birleşik)'!G9 | J9: ='Tüm İstasyonlar (Birleşik)'!H9 | K9: =I9+J9 | L9: ='Tüm İstasyonlar (Birleşik)'!I9 | M9: ='Tüm İstasyonlar (Birleşik)'!J9 | N9: =L9+M9 | O9: ='Tüm İstasyonlar (Birleşik)'!K9 | P9: ='Tüm İstasyonlar (Birleşik)'!L9 | Q9: =O9+P9 | R9: ='Tüm İstasyonlar (Birleşik)'!M9 | S9: ='Tüm İstasyonlar (Birleşik)'!N9 | T9: =R9+S9 | U9: ='Tüm İstasyonlar (Birleşik)'!O9 | V9: ='Tüm İstasyonlar (Birleşik)'!P9 | W9: =U9+V9 | X9: ='Tüm İstasyonlar (Birleşik)'!Q9 | Y9: ='Tüm İstasyonlar (Birleşik)'!R9 | Z9: =X9+Y9 | AA9: ='Tüm İstasyonlar (Birleşik)'!S9 | AB9: ='Tüm İstasyonlar (Birleşik)'!T9 | AC9: =AA9+AB9 | AD9: ='Tüm İstasyonlar (Birleşik)'!U9 | AE9: ='Tüm İstasyonlar (Birleşik)'!V9 | AF9: =AD9+AE9 | AG9: ='Tüm İstasyonlar (Birleşik)'!W9 | AH9: ='Tüm İstasyonlar (Birleşik)'!X9 | AI9: =AG9+AH9 | AJ9: ='Tüm İstasyonlar (Birleşik)'!Y9 | AK9: ='Tüm İstasyonlar (Birleşik)'!Z9 | AL9: =AJ9+AK9 | AM9: ='Tüm İstasyonlar (Birleşik)'!AA9 | AN9: ='Tüm İstasyonlar (Birleşik)'!AB9 | AO9: =AM9+AN9 | AP9: ='Tüm İstasyonlar (Birleşik)'!AC9 | AQ9: ='Tüm İstasyonlar (Birleşik)'!AD9 | AR9: =AP9+AQ9 | AS9: =E9+H9+K9+N9+Q9+T9+W9+Z9+AC9+AF9+AI9+AL9+AO9+AR9
A10: 5 | B10: Yenice | C10: ='Tüm İstasyonlar (Birleşik)'!C10 | D10: ='Tüm İstasyonlar (Birleşik)'!D10 | E10: =C10+D10 | F10: ='Tüm İstasyonlar (Birleşik)'!E10 | G10: ='Tüm İstasyonlar (Birleşik)'!F10 | H10: =F10+G10 | I10: ='Tüm İstasyonlar (Birleşik)'!G10 | J10: ='Tüm İstasyonlar (Birleşik)'!H10 | K10: =I10+J10 | L10: ='Tüm İstasyonlar (Birleşik)'!I10 | M10: ='Tüm İstasyonlar (Birleşik)'!J10 | N10: =L10+M10 | O10: ='Tüm İstasyonlar (Birleşik)'!K10 | P10: ='Tüm İstasyonlar (Birleşik)'!L10 | Q10: =O10+P10 | R10: ='Tüm İstasyonlar (Birleşik)'!M10 | S10: ='Tüm İstasyonlar (Birleşik)'!N10 | T10: =R10+S10 | U10: ='Tüm İstasyonlar (Birleşik)'!O10 | V10: ='Tüm İstasyonlar (Birleşik)'!P10 | W10: =U10+V10 | X10: ='Tüm İstasyonlar (Birleşik)'!Q10 | Y10: ='Tüm İstasyonlar (Birleşik)'!R10 | Z10: =X10+Y10 | AA10: ='Tüm İstasyonlar (Birleşik)'!S10 | AB10: ='Tüm İstasyonlar (Birleşik)'!T10 | AC10: =AA10+AB10 | AD10: ='Tüm İstasyonlar (Birleşik)'!U10 | AE10: ='Tüm İstasyonlar (Birleşik)'!V10 | AF10: =AD10+AE10 | AG10: ='Tüm İstasyonlar (Birleşik)'!W10 | AH10: ='Tüm İstasyonlar (Birleşik)'!X10 | AI10: =AG10+AH10 | AJ10: ='Tüm İstasyonlar (Birleşik)'!Y10 | AK10: ='Tüm İstasyonlar (Birleşik)'!Z10 | AL10: =AJ10+AK10 | AM10: ='Tüm İstasyonlar (Birleşik)'!AA10 | AN10: ='Tüm İstasyonlar (Birleşik)'!AB10 | AO10: =AM10+AN10 | AP10: ='Tüm İstasyonlar (Birleşik)'!AC10 | AQ10: ='Tüm İstasyonlar (Birleşik)'!AD10 | AR10: =AP10+AQ10 | AS10: =E10+H10+K10+N10+Q10+T10+W10+Z10+AC10+AF10+AI10+AL10+AO10+AR10
A11: 6 | B11: Yahşihan | C11: ='Tüm İstasyonlar (Birleşik)'!C11 | D11: ='Tüm İstasyonlar (Birleşik)'!D11 | E11: =C11+D11 | F11: ='Tüm İstasyonlar (Birleşik)'!E11 | G11: ='Tüm İstasyonlar (Birleşik)'!F11 | H11: =F11+G11 | I11: ='Tüm İstasyonlar (Birleşik)'!G11 | J11: ='Tüm İstasyonlar (Birleşik)'!H11 | K11: =I11+J11 | L11: ='Tüm İstasyonlar (Birleşik)'!I11 | M11: ='Tüm İstasyonlar (Birleşik)'!J11 | N11: =L11+M11 | O11: ='Tüm İstasyonlar (Birleşik)'!K11 | P11: ='Tüm İstasyonlar (Birleşik)'!L11 | Q11: =O11+P11 | R11: ='Tüm İstasyonlar (Birleşik)'!M11 | S11: ='Tüm İstasyonlar (Birleşik)'!N11 | T11: =R11+S11 | U11: ='Tüm İstasyonlar (Birleşik)'!O11 | V11: ='Tüm İstasyonlar (Birleşik)'!P11 | W11: =U11+V11 | X11: ='Tüm İstasyonlar (Birleşik)'!Q11 | Y11: ='Tüm İstasyonlar (Birleşik)'!R11 | Z11: =X11+Y11 | AA11: ='Tüm İstasyonlar (Birleşik)'!S11 | AB11: ='Tüm İstasyonlar (Birleşik)'!T11 | AC11: =AA11+AB11 | AD11: ='Tüm İstasyonlar (Birleşik)'!U11 | AE11: ='Tüm İstasyonlar (Birleşik)'!V11 | AF11: =AD11+AE11 | AG11: ='Tüm İstasyonlar (Birleşik)'!W11 | AH11: ='Tüm İstasyonlar (Birleşik)'!X11 | AI11: =AG11+AH11 | AJ11: ='Tüm İstasyonlar (Birleşik)'!Y11 | AK11: ='Tüm İstasyonlar (Birleşik)'!Z11 | AL11: =AJ11+AK11 | AM11: ='Tüm İstasyonlar (Birleşik)'!AA11 | AN11: ='Tüm İstasyonlar (Birleşik)'!AB11 | AO11: =AM11+AN11 | AP11: ='Tüm İstasyonlar (Birleşik)'!AC11 | AQ11: ='Tüm İstasyonlar (Birleşik)'!AD11 | AR11: =AP11+AQ11 | AS11: =E11+H11+K11+N11+Q11+T11+W11+Z11+AC11+AF11+AI11+AL11+AO11+AR11
A12: 7 | B12: Biçerova | C12: ='Tüm İstasyonlar (Birleşik)'!C12 | D12: ='Tüm İstasyonlar (Birleşik)'!D12 | E12: =C12+D12 | F12: ='Tüm İstasyonlar (Birleşik)'!E12 | G12: ='Tüm İstasyonlar (Birleşik)'!F12 | H12: =F12+G12 | I12: ='Tüm İstasyonlar (Birleşik)'!G12 | J12: ='Tüm İstasyonlar (Birleşik)'!H12 | K12: =I12+J12 | L12: ='Tüm İstasyonlar (Birleşik)'!I12 | M12: ='Tüm İstasyonlar (Birleşik)'!J12 | N12: =L12+M12 | O12: ='Tüm İstasyonlar (Birleşik)'!K12 | P12: ='Tüm İstasyonlar (Birleşik)'!L12 | Q12: =O12+P12 | R12: ='Tüm İstasyonlar (Birleşik)'!M12 | S12: ='Tüm İstasyonlar (Birleşik)'!N12 | T12: =R12+S12 | U12: ='Tüm İstasyonlar (Birleşik)'!O12 | V12: ='Tüm İstasyonlar (Birleşik)'!P12 | W12: =U12+V12 | X12: ='Tüm İstasyonlar (Birleşik)'!Q12 | Y12: ='Tüm İstasyonlar (Birleşik)'!R12 | Z12: =X12+Y12 | AA12: ='Tüm İstasyonlar (Birleşik)'!S12 | AB12: ='Tüm İstasyonlar (Birleşik)'!T12 | AC12: =AA12+AB12 | AD12: ='Tüm İstasyonlar (Birleşik)'!U12 | AE12: ='Tüm İstasyonlar (Birleşik)'!V12 | AF12: =AD12+AE12 | AG12: ='Tüm İstasyonlar (Birleşik)'!W12 | AH12: ='Tüm İstasyonlar (Birleşik)'!X12 | AI12: =AG12+AH12 | AJ12: ='Tüm İstasyonlar (Birleşik)'!Y12 | AK12: ='Tüm İstasyonlar (Birleşik)'!Z12 | AL12: =AJ12+AK12 | AM12: ='Tüm İstasyonlar (Birleşik)'!AA12 | AN12: ='Tüm İstasyonlar (Birleşik)'!AB12 | AO12: =AM12+AN12 | AP12: ='Tüm İstasyonlar (Birleşik)'!AC12 | AQ12: ='Tüm İstasyonlar (Birleşik)'!AD12 | AR12: =AP12+AQ12 | AS12: =E12+H12+K12+N12+Q12+T12+W12+Z12+AC12+AF12+AI12+AL12+AO12+AR12
A13: 8 | B13: Zonguldak | C13: ='Tüm İstasyonlar (Birleşik)'!C13 | D13: ='Tüm İstasyonlar (Birleşik)'!D13 | E13: =C13+D13 | F13: ='Tüm İstasyonlar (Birleşik)'!E13 | G13: ='Tüm İstasyonlar (Birleşik)'!F13 | H13: =F13+G13 | I13: ='Tüm İstasyonlar (Birleşik)'!G13 | J13: ='Tüm İstasyonlar (Birleşik)'!H13 | K13: =I13+J13 | L13: ='Tüm İstasyonlar (Birleşik)'!I13 | M13: ='Tüm İstasyonlar (Birleşik)'!J13 | N13: =L13+M13 | O13: ='Tüm İstasyonlar (Birleşik)'!K13 | P13: ='Tüm İstasyonlar (Birleşik)'!L13 | Q13: =O13+P13 | R13: ='Tüm İstasyonlar (Birleşik)'!M13 | S13: ='Tüm İstasyonlar (Birleşik)'!N13 | T13: =R13+S13 | U13: ='Tüm İstasyonlar (Birleşik)'!O13 | V13: ='Tüm İstasyonlar (Birleşik)'!P13 | W13: =U13+V13 | X13: ='Tüm İstasyonlar (Birleşik)'!Q13 | Y13: ='Tüm İstasyonlar (Birleşik)'!R13 | Z13: =X13+Y13 | AA13: ='Tüm İstasyonlar (Birleşik)'!S13 | AB13: ='Tüm İstasyonlar (Birleşik)'!T13 | AC13: =AA13+AB13 | AD13: ='Tüm İstasyonlar (Birleşik)'!U13 | AE13: ='Tüm İstasyonlar (Birleşik)'!V13 | AF13: =AD13+AE13 | AG13: ='Tüm İstasyonlar (Birleşik)'!W13 | AH13: ='Tüm İstasyonlar (Birleşik)'!X13 | AI13: =AG13+AH13 | AJ13: ='Tüm İstasyonlar (Birleşik)'!Y13 | AK13: ='Tüm İstasyonlar (Birleşik)'!Z13 | AL13: =AJ13+AK13 | AM13: ='Tüm İstasyonlar (Birleşik)'!AA13 | AN13: ='Tüm İstasyonlar (Birleşik)'!AB13 | AO13: =AM13+AN13 | AP13: ='Tüm İstasyonlar (Birleşik)'!AC13 | AQ13: ='Tüm İstasyonlar (Birleşik)'!AD13 | AR13: =AP13+AQ13 | AS13: =E13+H13+K13+N13+Q13+T13+W13+Z13+AC13+AF13+AI13+AL13+AO13+AR13
A14: 9 | B14: Yeşilhisar | C14: ='Tüm İstasyonlar (Birleşik)'!C14 | D14: ='Tüm İstasyonlar (Birleşik)'!D14 | E14: =C14+D14 | F14: ='Tüm İstasyonlar (Birleşik)'!E14 | G14: ='Tüm İstasyonlar (Birleşik)'!F14 | H14: =F14+G14 | I14: ='Tüm İstasyonlar (Birleşik)'!G14 | J14: ='Tüm İstasyonlar (Birleşik)'!H14 | K14: =I14+J14 | L14: ='Tüm İstasyonlar (Birleşik)'!I14 | M14: ='Tüm İstasyonlar (Birleşik)'!J14 | N14: =L14+M14 | O14: ='Tüm İstasyonlar (Birleşik)'!K14 | P14: ='Tüm İstasyonlar (Birleşik)'!L14 | Q14: =O14+P14 | R14: ='Tüm İstasyonlar (Birleşik)'!M14 | S14: ='Tüm İstasyonlar (Birleşik)'!N14 | T14: =R14+S14 | U14: ='Tüm İstasyonlar (Birleşik)'!O14 | V14: ='Tüm İstasyonlar (Birleşik)'!P14 | W14: =U14+V14 | X14: ='Tüm İstasyonlar (Birleşik)'!Q14 | Y14: ='Tüm İstasyonlar (Birleşik)'!R14 | Z14: =X14+Y14 | AA14: ='Tüm İstasyonlar (Birleşik)'!S14 | AB14: ='Tüm İstasyonlar (Birleşik)'!T14 | AC14: =AA14+AB14 | AD14: ='Tüm İstasyonlar (Birleşik)'!U14 | AE14: ='Tüm İstasyonlar (Birleşik)'!V14 | AF14: =AD14+AE14 | AG14: ='Tüm İstasyonlar (Birleşik)'!W14 | AH14: ='Tüm İstasyonlar (Birleşik)'!X14 | AI14: =AG14+AH14 | AJ14: ='Tüm İstasyonlar (Birleşik)'!Y14 | AK14: ='Tüm İstasyonlar (Birleşik)'!Z14 | AL14: =AJ14+AK14 | AM14: ='Tüm İstasyonlar (Birleşik)'!AA14 | AN14: ='Tüm İstasyonlar (Birleşik)'!AB14 | AO14: =AM14+AN14 | AP14: ='Tüm İstasyonlar (Birleşik)'!AC14 | AQ14: ='Tüm İstasyonlar (Birleşik)'!AD14 | AR14: =AP14+AQ14 | AS14: =E14+H14+K14+N14+Q14+T14+W14+Z14+AC14+AF14+AI14+AL14+AO14+AR14
A15: 10 | B15: Boğazköprü | C15: ='Tüm İstasyonlar (Birleşik)'!C15 | D15: ='Tüm İstasyonlar (Birleşik)'!D15 | E15: =C15+D15 | F15: ='Tüm İstasyonlar (Birleşik)'!E15 | G15: ='Tüm İstasyonlar (Birleşik)'!F15 | H15: =F15+G15 | I15: ='Tüm İstasyonlar (Birleşik)'!G15 | J15: ='Tüm İstasyonlar (Birleşik)'!H15 | K15: =I15+J15 | L15: ='Tüm İstasyonlar (Birleşik)'!I15 | M15: ='Tüm İstasyonlar (Birleşik)'!J15 | N15: =L15+M15 | O15: ='Tüm İstasyonlar (Birleşik)'!K15 | P15: ='Tüm İstasyonlar (Birleşik)'!L15 | Q15: =O15+P15 | R15: ='Tüm İstasyonlar (Birleşik)'!M15 | S15: ='Tüm İstasyonlar (Birleşik)'!N15 | T15: =R15+S15 | U15: ='Tüm İstasyonlar (Birleşik)'!O15 | V15: ='Tüm İstasyonlar (Birleşik)'!P15 | W15: =U15+V15 | X15: ='Tüm İstasyonlar (Birleşik)'!Q15 | Y15: ='Tüm İstasyonlar (Birleşik)'!R15 | Z15: =X15+Y15 | AA15: ='Tüm İstasyonlar (Birleşik)'!S15 | AB15: ='Tüm İstasyonlar (Birleşik)'!T15 | AC15: =AA15+AB15 | AD15: ='Tüm İstasyonlar (Birleşik)'!U15 | AE15: ='Tüm İstasyonlar (Birleşik)'!V15 | AF15: =AD15+AE15 | AG15: ='Tüm İstasyonlar (Birleşik)'!W15 | AH15: ='Tüm İstasyonlar (Birleşik)'!X15 | AI15: =AG15+AH15 | AJ15: ='Tüm İstasyonlar (Birleşik)'!Y15 | AK15: ='Tüm İstasyonlar (Birleşik)'!Z15 | AL15: =AJ15+AK15 | AM15: ='Tüm İstasyonlar (Birleşik)'!AA15 | AN15: ='Tüm İstasyonlar (Birleşik)'!AB15 | AO15: =AM15+AN15 | AP15: ='Tüm İstasyonlar (Birleşik)'!AC15 | AQ15: ='Tüm İstasyonlar (Birleşik)'!AD15 | AR15: =AP15+AQ15 | AS15: =E15+H15+K15+N15+Q15+T15+W15+Z15+AC15+AF15+AI15+AL15+AO15+AR15
A16: 11 | B16: Demirdağ | C16: ='Tüm İstasyonlar (Birleşik)'!C16 | D16: ='Tüm İstasyonlar (Birleşik)'!D16 | E16: =C16+D16 | F16: ='Tüm İstasyonlar (Birleşik)'!E16 | G16: ='Tüm İstasyonlar (Birleşik)'!F16 | H16: =F16+G16 | I16: ='Tüm İstasyonlar (Birleşik)'!G16 | J16: ='Tüm İstasyonlar (Birleşik)'!H16 | K16: =I16+J16 | L16: ='Tüm İstasyonlar (Birleşik)'!I16 | M16: ='Tüm İstasyonlar (Birleşik)'!J16 | N16: =L16+M16 | O16: ='Tüm İstasyonlar (Birleşik)'!K16 | P16: ='Tüm İstasyonlar (Birleşik)'!L16 | Q16: =O16+P16 | R16: ='Tüm İstasyonlar (Birleşik)'!M16 | S16: ='Tüm İstasyonlar (Birleşik)'!N16 | T16: =R16+S16 | U16: ='Tüm İstasyonlar (Birleşik)'!O16 | V16: ='Tüm İstasyonlar (Birleşik)'!P16 | W16: =U16+V16 | X16: ='Tüm İstasyonlar (Birleşik)'!Q16 | Y16: ='Tüm İstasyonlar (Birleşik)'!R16 | Z16: =X16+Y16 | AA16: ='Tüm İstasyonlar (Birleşik)'!S16 | AB16: ='Tüm İstasyonlar (Birleşik)'!T16 | AC16: =AA16+AB16 | AD16: ='Tüm İstasyonlar (Birleşik)'!U16 | AE16: ='Tüm İstasyonlar (Birleşik)'!V16 | AF16: =AD16+AE16 | AG16: ='Tüm İstasyonlar (Birleşik)'!W16 | AH16: ='Tüm İstasyonlar (Birleşik)'!X16 | AI16: =AG16+AH16 | AJ16: ='Tüm İstasyonlar (Birleşik)'!Y16 | AK16: ='Tüm İstasyonlar (Birleşik)'!Z16 | AL16: =AJ16+AK16 | AM16: ='Tüm İstasyonlar (Birleşik)'!AA16 | AN16: ='Tüm İstasyonlar (Birleşik)'!AB16 | AO16: =AM16+AN16 | AP16: ='Tüm İstasyonlar (Birleşik)'!AC16 | AQ16: ='Tüm İstasyonlar (Birleşik)'!AD16 | AR16: =AP16+AQ16 | AS16: =E16+H16+K16+N16+Q16+T16+W16+Z16+AC16+AF16+AI16+AL16+AO16+AR16
A17: 12 | B17: Alsancak | C17: ='Tüm İstasyonlar (Birleşik)'!C17 | D17: ='Tüm İstasyonlar (Birleşik)'!D17 | E17: =C17+D17 | F17: ='Tüm İstasyonlar (Birleşik)'!E17 | G17: ='Tüm İstasyonlar (Birleşik)'!F17 | H17: =F17+G17 | I17: ='Tüm İstasyonlar (Birleşik)'!G17 | J17: ='Tüm İstasyonlar (Birleşik)'!H17 | K17: =I17+J17 | L17: ='Tüm İstasyonlar (Birleşik)'!I17 | M17: ='Tüm İstasyonlar (Birleşik)'!J17 | N17: =L17+M17 | O17: ='Tüm İstasyonlar (Birleşik)'!K17 | P17: ='Tüm İstasyonlar (Birleşik)'!L17 | Q17: =O17+P17 | R17: ='Tüm İstasyonlar (Birleşik)'!M17 | S17: ='Tüm İstasyonlar (Birleşik)'!N17 | T17: =R17+S17 | U17: ='Tüm İstasyonlar (Birleşik)'!O17 | V17: ='Tüm İstasyonlar (Birleşik)'!P17 | W17: =U17+V17 | X17: ='Tüm İstasyonlar (Birleşik)'!Q17 | Y17: ='Tüm İstasyonlar (Birleşik)'!R17 | Z17: =X17+Y17 | AA17: ='Tüm İstasyonlar (Birleşik)'!S17 | AB17: ='Tüm İstasyonlar (Birleşik)'!T17 | AC17: =AA17+AB17 | AD17: ='Tüm İstasyonlar (Birleşik)'!U17 | AE17: ='Tüm İstasyonlar (Birleşik)'!V17 | AF17: =AD17+AE17 | AG17: ='Tüm İstasyonlar (Birleşik)'!W17 | AH17: ='Tüm İstasyonlar (Birleşik)'!X17 | AI17: =AG17+AH17 | AJ17: ='Tüm İstasyonlar (Birleşik)'!Y17 | AK17: ='Tüm İstasyonlar (Birleşik)'!Z17 | AL17: =AJ17+AK17 | AM17: ='Tüm İstasyonlar (Birleşik)'!AA17 | AN17: ='Tüm İstasyonlar (Birleşik)'!AB17 | AO17: =AM17+AN17 | AP17: ='Tüm İstasyonlar (Birleşik)'!AC17 | AQ17: ='Tüm İstasyonlar (Birleşik)'!AD17 | AR17: =AP17+AQ17 | AS17: =E17+H17+K17+N17+Q17+T17+W17+Z17+AC17+AF17+AI17+AL17+AO17+AR17
... A25: 20 | B25: Yarımca | C25: ='Tüm İstasyonlar (Birleşik)'!C25 | D25: ='Tüm İstasyonlar (Birleşik)'!D25 | E25: =C25+D25 | F25: ='Tüm İstasyonlar (Birleşik)'!E25 | G25: ='Tüm İstasyonlar (Birleşik)'!F25 | H25: =F25+G25 | I25: ='Tüm İstasyonlar (Birleşik)'!G25 | J25: ='Tüm İstasyonlar (Birleşik)'!H25 | K25: =I25+J25 | L25: ='Tüm İstasyonlar (Birleşik)'!I25 | M25: ='Tüm İstasyonlar (Birleşik)'!J25 | N25: =L25+M25 | O25: ='Tüm İstasyonlar (Birleşik)'!K25 | P25: ='Tüm İstasyonlar (Birleşik)'!L25 | Q25: =O25+P25 | R25: ='Tüm İstasyonlar (Birleşik)'!M25 | S25: ='Tüm İstasyonlar (Birleşik)'!N25 | T25: =R25+S25 | U25: ='Tüm İstasyonlar (Birleşik)'!O25 | V25: ='Tüm İstasyonlar (Birleşik)'!P25 | W25: =U25+V25 | X25: ='Tüm İstasyonlar (Birleşik)'!Q25 | Y25: ='Tüm İstasyonlar (Birleşik)'!R25 | Z25: =X25+Y25 | AA25: ='Tüm İstasyonlar (Birleşik)'!S25 | AB25: ='Tüm İstasyonlar (Birleşik)'!T25 | AC25: =AA25+AB25 | AD25: ='Tüm İstasyonlar (Birleşik)'!U25 | AE25: ='Tüm İstasyonlar (Birleşik)'!V25 | AF25: =AD25+AE25 | AG25: ='Tüm İstasyonlar (Birleşik)'!W25 | AH25: ='Tüm İstasyonlar (Birleşik)'!X25 | AI25: =AG25+AH25 | AJ25: ='Tüm İstasyonlar (Birleşik)'!Y25 | AK25: ='Tüm İstasyonlar (Birleşik)'!Z25 | AL25: =AJ25+AK25 | AM25: ='Tüm İstasyonlar (Birleşik)'!AA25 | AN25: ='Tüm İstasyonlar (Birleşik)'!AB25 | AO25: =AM25+AN25 | AP25: ='Tüm İstasyonlar (Birleşik)'!AC25 | AQ25: ='Tüm İstasyonlar (Birleşik)'!AD25 | AR25: =AP25+AQ25 | AS25: =E25+H25+K25+N25+Q25+T25+W25+Z25+AC25+AF25+AI25+AL25+AO25+AR25
B26: İLK 20 TOPLAMI | C26: =SUM(C6:C25) | D26: =SUM(D6:D25) | E26: =SUM(E6:E25) | F26: =SUM(F6:F25) | G26: =SUM(G6:G25) | H26: =SUM(H6:H25) | I26: =SUM(I6:I25) | J26: =SUM(J6:J25) | ... AS26: =SUM(AS6:AS25)
B27: TÜM İSTASYONLAR | C27: ='Tüm İstasyonlar (Birleşik)'!C357 | D27: ='Tüm İstasyonlar (Birleşik)'!D357 | E27: =C27+D27 | F27: ='Tüm İstasyonlar (Birleşik)'!E357 | G27: ='Tüm İstasyonlar (Birleşik)'!F357 | H27: =F27+G27 | I27: ='Tüm İstasyonlar (Birleşik)'!G357 | J27: ='Tüm İstasyonlar (Birleşik)'!H357 | K27: =I27+J27 | L27: ='Tüm İstasyonlar (Birleşik)'!I357 | M27: ='Tüm İstasyonlar (Birleşik)'!J357 | N27: =L27+M27 | O27: ='Tüm İstasyonlar (Birleşik)'!K357 | P27: ='Tüm İstasyonlar (Birleşik)'!L357 | Q27: =O27+P27 | R27: ='Tüm İstasyonlar (Birleşik)'!M357 | S27: ='Tüm İstasyonlar (Birleşik)'!N357 | T27: =R27+S27 | U27: ='Tüm İstasyonlar (Birleşik)'!O357 | V27: ='Tüm İstasyonlar (Birleşik)'!P357 | W27: =U27+V27 | X27: ='Tüm İstasyonlar (Birleşik)'!Q357 | Y27: ='Tüm İstasyonlar (Birleşik)'!R357 | Z27: =X27+Y27 | AA27: ='Tüm İstasyonlar (Birleşik)'!S357 | AB27: ='Tüm İstasyonlar (Birleşik)'!T357 | AC27: =AA27+AB27 | AD27: ='Tüm İstasyonlar (Birleşik)'!U357 | AE27: ='Tüm İstasyonlar (Birleşik)'!V357 | AF27: =AD27+AE27 | AG27: ='Tüm İstasyonlar (Birleşik)'!W357 | AH27: ='Tüm İstasyonlar (Birleşik)'!X357 | AI27: =AG27+AH27 | AJ27: ='Tüm İstasyonlar (Birleşik)'!Y357 | AK27: ='Tüm İstasyonlar (Birleşik)'!Z357 | AL27: =AJ27+AK27 | AM27: ='Tüm İstasyonlar (Birleşik)'!AA357 | AN27: ='Tüm İstasyonlar (Birleşik)'!AB357 | AO27: =AM27+AN27 | AP27: ='Tüm İstasyonlar (Birleşik)'!AC357 | AQ27: ='Tüm İstasyonlar (Birleşik)'!AD357 | AR27: =AP27+AQ27 | AS27: =E27+H27+K27+N27+Q27+T27+W27+Z27+AC27+AF27+AI27+AL27+AO27+AR27
B28: * 2026 yılı kısmi veridir.

Sheet Tüm İstasyonlar (Birleşik)
A1: Birleşik Ham Veri — İstasyon Bazlı Yük Taşımaları (Netton, TON)
A2: Kaynak: 30aa1bf0-ZANALYSIS_PATTERN_NEW_3.xls (2013-2016) + fef7ddf6-ZANALYSIS_PATTERN__20260807T105517.750.xls (2017-2026)
A4: Sıra | B4: İstasyon | C4: 2013 | E4: 2014 | G4: 2015 | I4: 2016 | K4: 2017 | M4: 2018 | O4: 2019 | Q4: 2020 | S4: 2021 | U4: 2022 | W4: 2023 | Y4: 2024 | AA4: 2025 | AC4: 2026 | AE4: TOPLAM 2013-2026
C5: Giden | D5: Gelen | E5: Giden | F5: Gelen | G5: Giden | H5: Gelen | I5: Giden | J5: Gelen | K5: Giden | L5: Gelen | M5: Giden | N5: Gelen | O5: Giden | P5: Gelen | Q5: Giden | R5: Gelen | S5: Giden | T5: Gelen | U5: Giden | V5: Gelen | W5: Giden | X5: Gelen | Y5: Giden | Z5: Gelen | AA5: Giden | AB5: Gelen | AC5: Giden | AD5: Gelen | AE5: Giden | AF5: Gelen | AG5: Genel Toplam
A6: 1 | B6: Ülkü | C6: 240357.55 | D6: 3951837 | E6: 194368.65 | F6: 4756591.9 | G6: 212408.64 | H6: 4145151 | I6: 189442.87 | J6: 4197868.2 | K6: 208143.81 | L6: 4715498.4 | M6: 256703.7 | N6: 5596084.1 | O6: 191904.81 | P6: 5199413.2 | Q6: 149521.96 | R6: 5540840.3 | S6: 389750.95 | T6: 5458852.6 | U6: 319230.47 | V6: 5196059.5 | W6: 393668.1 | X6: 5290992.5 | Y6: 361664.07 | Z6: 5087678.7 | AA6: 231622.12 | AB6: 5821990.6 | AC6: 111250.06 | AD6: 3335648.7 | AE6: =SUM(C6,E6,G6,I6,K6,M6,O6,Q6,S6,U6,W6,Y6,AA6,AC6) | AF6: =SUM(D6,F6,H6,J6,L6,N6,P6,R6,T6,V6,X6,Z6,AB6,AD6) | AG6: =AE6+AF6
A7: 2 | B7: Payas | C7: 898252.9 | D7: 4530528.7 | E7: 1117035 | F7: 5066562.3 | G7: 812272.87 | H7: 4289178.3 | I7: 704230.47 | J7: 3871782.5 | K7: 838860.69 | L7: 4363848.5 | M7: 894522.47 | N7: 2587012.1 | O7: 665759.46 | P7: 2757227.6 | Q7: 690434.77 | R7: 2994430.9 | S7: 698359.18 | T7: 3510535.6 | U7: 291579.86 | V7: 1817966.3 | W7: 122705.62 | X7: 945244.1 | Y7: 156646.96 | Z7: 2572507.2 | AA7: 117224.29 | AB7: 1895128.5 | AC7: 56598.678 | AD7: 406459.86 | AE7: =SUM(C7,E7,G7,I7,K7,M7,O7,Q7,S7,U7,W7,Y7,AA7,AC7) | AF7: =SUM(D7,F7,H7,J7,L7,N7,P7,R7,T7,V7,X7,Z7,AB7,AD7) | AG7: =AE7+AF7
A8: 3 | B8: Çatalağzı | C8: 1255840.3 | D8: 17677.23 | E8: 1567461.8 | F8: 39969.603 | G8: 1356803.3 | H8: 2985.969 | I8: 1283881.6 | J8: 2264.6 | K8: 1536058.7 | L8: 2267.826 | M8: 2238834.2 | N8: 3266.605 | O8: 2190169.5 | P8: 59495.556 | Q8: 2138850.6 | R8: 3384.669 | S8: 2532357.7 | T8: 5395.97 | U8: 2586150.3 | V8: 77690.941 | W8: 2477432.1 | X8: 318594.8 | Y8: 2278798.4 | Z8: 295679.67 | AA8: 2963797.7 | AB8: 131279.9 | AC8: 1839210.2 | AD8: 66100.981 | AE8: =SUM(C8,E8,G8,I8,K8,M8,O8,Q8,S8,U8,W8,Y8,AA8,AC8) | AF8: =SUM(D8,F8,H8,J8,L8,N8,P8,R8,T8,V8,X8,Z8,AB8,AD8) | AG8: =AE8+AF8
A9: 4 | B9: Hekimhan | C9: 1159788.4 | D9: 192056.11 | E9: 1484277.2 | F9: 259281.4 | G9: 1095078.7 | H9: 162782.3 | I9: 748749.32 | J9: 99909.8 | K9: 1043891.3 | L9: 151954.9 | M9: 1305230.4 | N9: 194178.96 | O9: 1207369.3 | P9: 109147.93 | Q9: 1754967.8 | R9: 122313.34 | S9: 1962548.9 | T9: 128092.57 | U9: 1653487.1 | V9: 86428.125 | W9: 1194318.2 | X9: 82678.305 | Y9: 1670455.7 | Z9: 122983.74 | AA9: 1614638.7 | AB9: 115645.59 | AC9: 1106116.5 | AD9: 44076 | AE9: =SUM(C9,E9,G9,I9,K9,M9,O9,Q9,S9,U9,W9,Y9,AA9,AC9) | AF9: =SUM(D9,F9,H9,J9,L9,N9,P9,R9,T9,V9,X9,Z9,AB9,AD9) | AG9: =AE9+AF9
A10: 5 | B10: Yenice | C10: 101213.08 | D10: 445271.55 | E10: 190290.4 | F10: 664184.1 | G10: 153365.73 | H10: 634946.33 | I10: 155469.96 | J10: 680719.76 | K10: 297818.28 | L10: 1044990 | M10: 377967.47 | N10: 945747.44 | O10: 325531.18 | P10: 882413.23 | Q10: 348192.06 | R10: 910251.31 | S10: 237688.79 | T10: 1013127.1 | U10: 247221.22 | V10: 845348.12 | W10: 735527.43 | X10: 1179780.2 | Y10: 1686359.9 | Z10: 993396.04 | AA10: 1461341.6 | AB10: 1393968.7 | AC10: 406270.7 | AD10: 766402.94 | AE10: =SUM(C10,E10,G10,I10,K10,M10,O10,Q10,S10,U10,W10,Y10,AA10,AC10) | AF10: =SUM(D10,F10,H10,J10,L10,N10,P10,R10,T10,V10,X10,Z10,AB10,AD10) | AG10: =AE10+AF10
A11: 6 | B11: Yahşihan | C11: 860116.7 | D11: 242731.29 | E11: 844957.35 | F11: 263167.87 | G11: 1359959.9 | H11: 650490.23 | I11: 1626818.6 | J11: 744262.93 | K11: 1736179.3 | L11: 735965.22 | M11: 1367673.3 | N11: 728725.92 | O11: 1311417.9 | P11: 507740.41 | Q11: 819334.2 | R11: 276704.48 | S11: 676785.43 | T11: 325812.46 | U11: 507294.13 | V11: 177706.01 | W11: 593623.78 | X11: 214717.57 | Y11: 641226.28 | Z11: 217701.65 | AA11: 689856.52 | AB11: 222452.43 | AC11: 414901.77 | AD11: 123511.28 | AE11: =SUM(C11,E11,G11,I11,K11,M11,O11,Q11,S11,U11,W11,Y11,AA11,AC11) | AF11: =SUM(D11,F11,H11,J11,L11,N11,P11,R11,T11,V11,X11,Z11,AB11,AD11) | AG11: =AE11+AF11
A12: 7 | B12: Biçerova | C12: 541698.1 | D12: 216408.83 | E12: 308869.82 | F12: 212683.53 | G12: 269286.22 | H12: 221998.99 | I12: 405030.91 | J12: 374067.44 | K12: 458607.06 | L12: 319928.57 | M12: 475088.95 | N12: 424128.12 | O12: 531351.56 | P12: 1006492.9 | Q12: 831712.52 | R12: 1364216.2 | S12: 764789.99 | T12: 1483635.3 | U12: 883483.89 | V12: 1425437 | W12: 713263.94 | X12: 1107491.3 | Y12: 598266.51 | Z12: 952660.07 | AA12: 565041.67 | AB12: 953698.07 | AC12: 339648.7 | AD12: 587986.48 | AE12: =SUM(C12,E12,G12,I12,K12,M12,O12,Q12,S12,U12,W12,Y12,AA12,AC12) | AF12: =SUM(D12,F12,H12,J12,L12,N12,P12,R12,T12,V12,X12,Z12,AB12,AD12) | AG12: =AE12+AF12
A13: 8 | B13: Zonguldak | C13: 1174094.5 | D13: 88457.5 | E13: 1246106.5 | F13: 38278.65 | G13: 1494472.5 | H13: 65056.31 | I13: 1139976.4 | J13: 74444.7 | K13: 1432412.3 | L13: 93462.38 | M13: 1334857.6 | N13: 74140.39 | O13: 1194452.2 | P13: 43076.77 | Q13: 1258337.8 | R13: 40764.78 | S13: 1229860.1 | T13: 330851.45 | U13: 1150424.6 | V13: 208800.74 | W13: 1131497.2 | X13: 55266.621 | Y13: 1143187.8 | Z13: 31317.85 | AA13: 867389.93 | AB13: 35986.92 | AC13: 288190.92 | AD13: 7868.75 | AE13: =SUM(C13,E13,G13,I13,K13,M13,O13,Q13,S13,U13,W13,Y13,AA13,AC13) | AF13: =SUM(D13,F13,H13,J13,L13,N13,P13,R13,T13,V13,X13,Z13,AB13,AD13) | AG13: =AE13+AF13
A14: 9 | B14: Yeşilhisar | C14: 1549250.2 | D14: 1494.104 | E14: 1586392.3 | F14: 5295 | G14: 1354692.2 | H14: 1703 | I14: 1256232.9 | J14: 1388.41 | K14: 1446851.2 | L14: 931.73 | M14: 1533094.2 | N14: 1347 | O14: 1375528 | P14: 699.2 | Q14: 1174303.8 | R14: 744 | S14: 960240.06 | T14: 200.985 | U14: 1020923.5 | V14: 298.2 | W14: 808114.58 | X14: 84.12 | Y14: 974550.26 | Z14: 34.74 | AA14: 898307.7 | AB14: 39 | AC14: 290862.1 | AD14: 1959.74 | AE14: =SUM(C14,E14,G14,I14,K14,M14,O14,Q14,S14,U14,W14,Y14,AA14,AC14) | AF14: =SUM(D14,F14,H14,J14,L14,N14,P14,R14,T14,V14,X14,Z14,AB14,AD14) | AG14: =AE14+AF14
A15: 10 | B15: Boğazköprü | C15: 376249.49 | D15: 645202.42 | E15: 360474.98 | F15: 729665.44 | G15: 295629.89 | H15: 617375.86 | I15: 297842.42 | J15: 475647.67 | K15: 407777.55 | L15: 559975.75 | M15: 448288.5 | N15: 606941.68 | O15: 432931.17 | P15: 627312.04 | Q15: 349456.91 | R15: 501196.51 | S15: 349955.33 | T15: 573576.94 | U15: 393286.48 | V15: 632153.85 | W15: 441157.24 | X15: 760240.14 | Y15: 360142.21 | Z15: 719831.87 | AA15: 371633.71 | AB15: 713716.88 | AC15: 210131.16 | AD15: 438961.64 | AE15: =SUM(C15,E15,G15,I15,K15,M15,O15,Q15,S15,U15,W15,Y15,AA15,AC15) | AF15: =SUM(D15,F15,H15,J15,L15,N15,P15,R15,T15,V15,X15,Z15,AB15,AD15) | AG15: =AE15+AF15
A16: 11 | B16: Demirdağ | C16: 2307578.3 | D16: 20616 | E16: 2756195.9 | F16: 37943.75 | G16: 2294734.7 | H16: 21426.95 | I16: 2170647.6 | J16: 14520.65 | K16: 1992975.9 | L16: 16696.55 | M16: 71087.25 | N16: 10600.2 | O16: 107026.43 | P16: 328.99 | Q16: 213141.48 | R16: 98394.925 | S16: 258459.86 | T16: 351941.83 | U16: 326908.23 | V16: 139144.66 | W16: 132880.98 | X16: 109076.76 | Y16: 10498.35 | Z16: 8868.3 | AA16: 103673.3 | AB16: 333.5 | AC16: 65679.765 | AD16: 1835.045 | AE16: =SUM(C16,E16,G16,I16,K16,M16,O16,Q16,S16,U16,W16,Y16,AA16,AC16) | AF16: =SUM(D16,F16,H16,J16,L16,N16,P16,R16,T16,V16,X16,Z16,AB16,AD16) | AG16: =AE16+AF16
A17: 12 | B17: Alsancak | C17: 364644.54 | D17: 1054439.7 | E17: 380015.28 | F17: 666920.6 | G17: 339351.79 | H17: 765103.23 | I17: 354340.86 | J17: 941278.53 | K17: 398884.59 | L17: 870449.37 | M17: 371968.71 | N17: 706598.79 | O17: 363061.33 | P17: 702069.64 | Q17: 377018.24 | R17: 832786.79 | S17: 380434.33 | T17: 787621.78 | U17: 339452.11 | V17: 570907.24 | W17: 242879.95 | X17: 444794.15 | Y17: 210373.83 | Z17: 324260.29 | AA17: 179835.77 | AB17: 277668.8 | AC17: 131720.91 | AD17: 188252.08 | AE17: =SUM(C17,E17,G17,I17,K17,M17,O17,Q17,S17,U17,W17,Y17,AA17,AC17) | AF17: =SUM(D17,F17,H17,J17,L17,N17,P17,R17,T17,V17,X17,Z17,AB17,AD17) | AG17: =AE17+AF17
... A19: 14 | B19: Değirmenözü | C19: 359049.2 | D19: 172544.83 | E19: 287165.5 | F19: 103087.39 | G19: 333362.43 | H19: 105960.98 | I19: 672497.53 | J19: 87071.07 | K19: 848610.71 | L19: 109964.74 | M19: 1015339 | N19: 143902.61 | O19: 830339.05 | P19: 112108.86 | Q19: 790059.89 | R19: 111755.95 | S19: 1161810.3 | T19: 161419.67 | U19: 1226976.6 | V19: 180262.39 | W19: 861848.83 | X19: 126232.68 | Y19: 950608.74 | Z19: 140127.05 | AA19: 861427.96 | AB19: 98838.76 | AC19: 505278.74 | AD19: 60050.63 | AE19: =SUM(C19,E19,G19,I19,K19,M19,O19,Q19,S19,U19,W19,Y19,AA19,AC19) | AF19: =SUM(D19,F19,H19,J19,L19,N19,P19,R19,T19,V19,X19,Z19,AB19,AD19) | AG19: =AE19+AF19
A20: 15 | B20: Mersin | C20: 788675.88 | D20: 859178.94 | E20: 827807.95 | F20: 1101915.5 | G20: 729805.28 | H20: 838589.76 | I20: 697013.92 | J20: 847682.39 | K20: 711115.14 | L20: 1008899.4 | M20: 596654.79 | N20: 584535.51 | O20: 270820.82 | P20: 247979.78 | Q20: 1700 | R20: 308.47 | AE20: =SUM(C20,E20,G20,I20,K20,M20,O20,Q20,S20,U20,W20,Y20,AA20,AC20) | AF20: =SUM(D20,F20,H20,J20,L20,N20,P20,R20,T20,V20,X20,Z20,AB20,AD20) | AG20: =AE20+AF20
A21: 16 | B21: Marşandiz | C21: 189922.34 | D21: 663816.81 | E21: 195657.17 | F21: 612260.37 | G21: 195465.43 | H21: 583028.6 | I21: 175970.38 | J21: 447176.71 | K21: 111493.26 | L21: 297780.28 | M21: 169111.99 | N21: 356357.95 | O21: 317863.38 | P21: 526988.27 | Q21: 334453.69 | R21: 515535.32 | S21: 302313.63 | T21: 589784.04 | U21: 277293.86 | V21: 490478.21 | W21: 248191.74 | X21: 439007.05 | Y21: 196766.2 | Z21: 391684.91 | AA21: 190831.93 | AB21: 322290.32 | AC21: 126921.52 | AD21: 188514.28 | AE21: =SUM(C21,E21,G21,I21,K21,M21,O21,Q21,S21,U21,W21,Y21,AA21,AC21) | AF21: =SUM(D21,F21,H21,J21,L21,N21,P21,R21,T21,V21,X21,Z21,AB21,AD21) | AG21: =AE21+AF21
A22: 17 | B22: Muradiye | C22: 102386.65 | D22: 170871.96 | E22: 119789.78 | F22: 202479.08 | G22: 83167.65 | H22: 172480.45 | I22: 120145 | J22: 236740.5 | K22: 154099.7 | L22: 266840.97 | M22: 200488.98 | N22: 335307.13 | O22: 217903.91 | P22: 358690.8 | Q22: 229014.51 | R22: 458770.82 | S22: 315610.88 | T22: 514347.14 | U22: 373336.01 | V22: 575315.72 | W22: 421776.41 | X22: 727946.58 | Y22: 415636.83 | Z22: 763616.21 | AA22: 426201.69 | AB22: 793960.14 | AC22: 229553.61 | AD22: 445011.06 | AE22: =SUM(C22,E22,G22,I22,K22,M22,O22,Q22,S22,U22,W22,Y22,AA22,AC22) | AF22: =SUM(D22,F22,H22,J22,L22,N22,P22,R22,T22,V22,X22,Z22,AB22,AD22) | AG22: =AE22+AF22
A23: 18 | B23: Bandırma | C23: 234469.85 | D23: 396106.27 | E23: 149754.98 | F23: 274897.6 | G23: 115625.35 | H23: 232298.37 | I23: 105239.45 | J23: 399336.6 | K23: 198699.16 | L23: 552715.59 | M23: 215534.72 | N23: 537233.73 | O23: 219564.94 | P23: 479934.93 | Q23: 181970.58 | R23: 474967.86 | S23: 186893.52 | T23: 631889.9 | U23: 155660.14 | V23: 639097.68 | W23: 113758.39 | X23: 463309.55 | Y23: 155526.79 | Z23: 437852.19 | AA23: 126687.03 | AB23: 354240.07 | AC23: 52252.893 | AD23: 220129.55 | AE23: =SUM(C23,E23,G23,I23,K23,M23,O23,Q23,S23,U23,W23,Y23,AA23,AC23) | AF23: =SUM(D23,F23,H23,J23,L23,N23,P23,R23,T23,V23,X23,Z23,AB23,AD23) | AG23: =AE23+AF23
A24: 19 | B24: Halkalı | C24: 166168.98 | D24: 327764.43 | E24: 255.6 | F24: 12708.77 | G24: 4785.059 | H24: 8468.32 | I24: 157643.81 | J24: 254998.16 | K24: 150175.28 | L24: 284792.32 | M24: 189363.1 | N24: 272546.9 | O24: 252472.91 | P24: 344339.85 | Q24: 334993.5 | R24: 446197.6 | S24: 418090.32 | T24: 534057.75 | U24: 519418.69 | V24: 635661.78 | W24: 442355.49 | X24: 514840.35 | Y24: 399645.42 | Z24: 471075.8 | AA24: 214285.88 | AB24: 287954.94 | AC24: 129796.88 | AD24: 160251.14 | AE24: =SUM(C24,E24,G24,I24,K24,M24,O24,Q24,S24,U24,W24,Y24,AA24,AC24) | AF24: =SUM(D24,F24,H24,J24,L24,N24,P24,R24,T24,V24,X24,Z24,AB24,AD24) | AG24: =AE24+AF24
A25: 20 | B25: Yarımca | F25: 21903 | G25: 331661.86 | H25: 494991.93 | I25: 613451.51 | J25: 943677.48 | K25: 740243.9 | L25: 1068523 | M25: 788398.47 | N25: 1072148.8 | O25: 521514.59 | P25: 794226.16 | Q25: 33707.736 | R25: 64228.676 | S25: 8844.978 | T25: 63588.604 | U25: 354.85 | V25: 3429.525 | X25: 3169.85 | Y25: 25236.248 | Z25: 24355.15 | AA25: 39814.003 | AB25: 35875.147 | AC25: 38048.14 | AD25: 105472.25 | AE25: =SUM(C25,E25,G25,I25,K25,M25,O25,Q25,S25,U25,W25,Y25,AA25,AC25) | AF25: =SUM(D25,F25,H25,J25,L25,N25,P25,R25,T25,V25,X25,Z25,AB25,AD25) | AG25: =AE25+AF25
A26: 21 | B26: Gümüş | C26: 230960.38 | D26: 38836 | E26: 164094.71 | F26: 57859 | G26: 441213.49 | H26: 69361.614 | I26: 459000.7 | J26: 74855.476 | K26: 536303.28 | L26: 82425.905 | M26: 575652.1 | N26: 86909.31 | O26: 626186.44 | P26: 122384.25 | Q26: 568595.11 | R26: 109180.84 | S26: 675982.32 | T26: 100627.98 | U26: 531903.22 | V26: 82547.34 | W26: 550806.82 | X26: 84310 | Y26: 573838.55 | Z26: 88210 | AA26: 513396.96 | AB26: 80898.5 | AC26: 250677.48 | AD26: 39206 | AE26: =SUM(C26,E26,G26,I26,K26,M26,O26,Q26,S26,U26,W26,Y26,AA26,AC26) | AF26: =SUM(D26,F26,H26,J26,L26,N26,P26,R26,T26,V26,X26,Z26,AB26,AD26) | AG26: =AE26+AF26
A27: 22 | B27: Kuşcenneti | C27: 184987.59 | D27: 258528.16 | E27: 167509.61 | F27: 269626.45 | G27: 120344.41 | H27: 290763.53 | I27: 118722.45 | J27: 366617.03 | K27: 116382.65 | L27: 396815.05 | M27: 112086.47 | N27: 464430.63 | O27: 110442.49 | P27: 473576.71 | Q27: 92299.505 | R27: 457229.54 | S27: 126882.96 | T27: 623939.59 | U27: 125079.99 | V27: 607379.71 | W27: 77767.505 | X27: 411550.34 | Y27: 75873.98 | Z27: 514093.92 | AA27: 105520.38 | AB27: 587233.41 | AC27: 95746.701 | AD27: 388657.33 | AE27: =SUM(C27,E27,G27,I27,K27,M27,O27,Q27,S27,U27,W27,Y27,AA27,AC27) | AF27: =SUM(D27,F27,H27,J27,L27,N27,P27,R27,T27,V27,X27,Z27,AB27,AD27) | AG27: =AE27+AF27
A28: 23 | B28: Sarıseki | C28: 98511.1 | D28: 16192.68 | E28: 44023.229 | F28: 38957.19 | G28: 56801.64 | H28: 33018.94 | I28: 154480.35 | J28: 70792.06 | K28: 191916.53 | L28: 289039.92 | M28: 216073.55 | N28: 471820.23 | O28: 354112.21 | P28: 971568.6 | Q28: 423300.02 | R28: 657058.06 | S28: 319384.03 | T28: 651510.13 | U28: 318825.99 | V28: 856936.41 | W28: 81542.31 | X28: 258741.98 | Y28: 19054.572 | Z28: 28088.763 | AA28: 28013.83 | AB28: 108594.5 | AC28: 58529.69 | AD28: 254784.55 | AE28: =SUM(C28,E28,G28,I28,K28,M28,O28,Q28,S28,U28,W28,Y28,AA28,AC28) | AF28: =SUM(D28,F28,H28,J28,L28,N28,P28,R28,T28,V28,X28,Z28,AB28,AD28) | AG28: =AE28+AF28
A29: 24 | B29: Kuşsarayı | D29: 756 | H29: 8849.8 | I29: 118497.8 | J29: 203642.54 | K29: 251057.52 | L29: 279040.3 | M29: 430870.47 | N29: 293110.58 | O29: 751185.08 | P29: 377890.78 | Q29: 610491.44 | R29: 375437.08 | S29: 642436.55 | T29: 429360.14 | U29: 784457.17 | V29: 398257.48 | W29: 213741.92 | X29: 202460.49 | Y29: 78861.443 | Z29: 174525.46 | AA29: 56750.48 | AB29: 176317.67 | AC29: 87304.175 | AD29: 124450.84 | AE29: =SUM(C29,E29,G29,I29,K29,M29,O29,Q29,S29,U29,W29,Y29,AA29,AC29) | AF29: =SUM(D29,F29,H29,J29,L29,N29,P29,R29,T29,V29,X29,Z29,AB29,AD29) | AG29: =AE29+AF29
A30: 25 | B30: Muratbağı | C30: 595491.48 | D30: 131039.63 | E30: 378385.15 | F30: 131858.38 | G30: 308664.87 | H30: 115573.72 | I30: 407163.53 | J30: 123564.03 | K30: 449458.15 | L30: 115592.76 | M30: 386845.55 | N30: 158793.43 | O30: 467823.58 | P30: 180623.86 | Q30: 389954.1 | R30: 122060.57 | S30: 508986.97 | T30: 155577.48 | U30: 362397.43 | V30: 102364.1 | W30: 229100.11 | X30: 95822.882 | Y30: 267394.16 | Z30: 133955.84 | AA30: 92337.995 | AB30: 62139.5 | AC30: 270493.18 | AD30: 98498.085 | AE30: =SUM(C30,E30,G30,I30,K30,M30,O30,Q30,S30,U30,W30,Y30,AA30,AC30) | AF30: =SUM(D30,F30,H30,J30,L30,N30,P30,R30,T30,V30,X30,Z30,AB30,AD30) | AG30: =AE30+AF30
A31: 26 | B31: Tunçbilek | C31: 1219584.7 | D31: 165495.24 | E31: 1066296.9 | F31: 135514.93 | G31: 761275.55 | H31: 113127.43 | I31: 456811.64 | J31: 57470.74 | K31: 603882.14 | L31: 91510.3 | M31: 588894.74 | N31: 67655.57 | O31: 478315.59 | P31: 43318.43 | Q31: 284986.14 | R31: 12190 | S31: 247352.6 | T31: 23794 | U31: 178874.45 | V31: 12070.155 | W31: 32909.05 | Y31: 45707.4 | AA31: 36496 | AC31: 10404.25 | AE31: =SUM(C31,E31,G31,I31,K31,M31,O31,Q31,S31,U31,W31,Y31,AA31,AC31) | AF31: =SUM(D31,F31,H31,J31,L31,N31,P31,R31,T31,V31,X31,Z31,AB31,AD31) | AG31: =AE31+AF31
A32: 27 | B32: İsdemir | U32: 316622.82 | V32: 1535625.2 | W32: 204014.68 | X32: 873831.45 | Y32: 220317.27 | Z32: 991714.26 | AA32: 262949.25 | AB32: 1062964.7 | AC32: 269546.55 | AD32: 972662.17 | AE32: =SUM(C32,E32,G32,I32,K32,M32,O32,Q32,S32,U32,W32,Y32,AA32,AC32) | AF32: =SUM(D32,F32,H32,J32,L32,N32,P32,R32,T32,V32,X32,Z32,AB32,AD32) | AG32: =AE32+AF32
A33: 28 | B33: Başpınar | C33: 51345.183 | D33: 200220.17 | E33: 179928.45 | F33: 336927.82 | G33: 183243.19 | H33: 308500.46 | I33: 177545.24 | J33: 395903.01 | K33: 288633.39 | L33: 540221.32 | M33: 243514.14 | N33: 592750.78 | O33: 270513.09 | P33: 615071.22 | Q33: 181053.42 | R33: 464146.08 | S33: 113882.44 | T33: 310954.81 | U33: 191409.05 | V33: 346635.02 | W33: 62887.694 | X33: 91710.249 | AA33: 68724.802 | AB33: 91462.606 | AC33: 169965.16 | AD33: 211788.85 | AE33: =SUM(C33,E33,G33,I33,K33,M33,O33,Q33,S33,U33,W33,Y33,AA33,AC33) | AF33: =SUM(D33,F33,H33,J33,L33,N33,P33,R33,T33,V33,X33,Z33,AB33,AD33) | AG33: =AE33+AF33
A34: 29 | B34: Afyon Ali Çetinkaya | C34: 94662.328 | D34: 96019.915 | E34: 114062.47 | F34: 129531.49 | G34: 79959.614 | H34: 108576.13 | I34: 106437.36 | J34: 94620.331 | K34: 158581.12 | L34: 49955.387 | M34: 199712.02 | N34: 66271.518 | O34: 529409.35 | P34: 176195.99 | Q34: 809798.97 | R34: 183803.35 | S34: 822904.66 | T34: 224532.85 | U34: 676842.18 | V34: 188852.01 | W34: 577372.46 | X34: 163233.29 | Y34: 410796.26 | Z34: 118541.78 | AA34: 11181.557 | AB34: 9390.12 | AC34: 8873.882 | AD34: 10658.33 | AE34: =SUM(C34,E34,G34,I34,K34,M34,O34,Q34,S34,U34,W34,Y34,AA34,AC34) | AF34: =SUM(D34,F34,H34,J34,L34,N34,P34,R34,T34,V34,X34,Z34,AB34,AD34) | AG34: =AE34+AF34
A35: 30 | B35: Tırmıl | C35: 14285.142 | D35: 13940.49 | E35: 26105.121 | F35: 25312.78 | G35: 24370.3 | H35: 42321.154 | I35: 32873.4 | J35: 40155.27 | K35: 77397.875 | L35: 45828.148 | M35: 262952.78 | N35: 600714.58 | O35: 664471.82 | P35: 1023075.5 | Q35: 516955.68 | R35: 691969.82 | S35: 279841.05 | T35: 452692.74 | U35: 258546.71 | V35: 365897.81 | W35: 200947.81 | X35: 213648.74 | Y35: 56366.6 | Z35: 49023.038 | AE35: =SUM(C35,E35,G35,I35,K35,M35,O35,Q35,S35,U35,W35,Y35,AA35,AC35) | AF35: =SUM(D35,F35,H35,J35,L35,N35,P35,R35,T35,V35,X35,Z35,AB35,AD35) | AG35: =AE35+AF35
A36: 31 | B36: İskenderun Liman | C36: 63899.194 | D36: 143530.33 | E36: 110830.85 | F36: 121501.81 | G36: 189742.55 | H36: 19080.1 | I36: 263431.77 | J36: 58180.16 | K36: 246701.61 | L36: 150527.97 | M36: 288003.47 | N36: 236807.37 | O36: 358453.53 | P36: 482936.47 | Q36: 266067.01 | R36: 431047.08 | S36: 169696.51 | T36: 408684.64 | U36: 206381.05 | V36: 470463.05 | W36: 86189.675 | X36: 118872.34 | Y36: 50508.624 | Z36: 61051.748 | AA36: 97913.835 | AB36: 65351.225 | AC36: 155750.55 | AD36: 111057.82 | AE36: =SUM(C36,E36,G36,I36,K36,M36,O36,Q36,S36,U36,W36,Y36,AA36,AC36) | AF36: =SUM(D36,F36,H36,J36,L36,N36,P36,R36,T36,V36,X36,Z36,AB36,AD36) | AG36: =AE36+AF36
A37: 32 | B37: Divriği | C37: 242935.35 | D37: 41360.53 | E37: 456125.42 | F37: 23537.499 | G37: 374541.42 | H37: 38494.65 | I37: 444904.89 | J37: 35768.92 | K37: 529376.52 | L37: 76339.205 | M37: 401684.53 | N37: 74115.734 | O37: 421711.19 | P37: 85782.27 | Q37: 394982.57 | R37: 68570.99 | S37: 364446.49 | T37: 78218.89 | U37: 307902.84 | V37: 61541.595 | W37: 260033.01 | X37: 27187.354 | Y37: 212493.79 | Z37: 15613.08 | AA37: 223740.65 | AB37: 13162.035 | AC37: 104003.95 | AD37: 4729.72 | AE37: =SUM(C37,E37,G37,I37,K37,M37,O37,Q37,S37,U37,W37,Y37,AA37,AC37) | AF37: =SUM(D37,F37,H37,J37,L37,N37,P37,R37,T37,V37,X37,Z37,AB37,AD37) | AG37: =AE37+AF37
A38: 33 | B38: Sazılar | C38: 62035.157 | D38: 212.99 | E38: 49979.93 | F38: 14926.5 | G38: 113954.46 | H38: 19765 | I38: 175790.5 | J38: 29590.84 | K38: 230096.51 | L38: 35828.4 | M38: 275369.58 | N38: 43562.4 | O38: 260735.79 | P38: 41286.64 | Q38: 275465.93 | R38: 33492.45 | S38: 432188.62 | T38: 42690 | U38: 689992.23 | V38: 80190 | W38: 857442.71 | X38: 112246.26 | Y38: 782095.25 | Z38: 118706.8 | AA38: 350029.27 | AB38: 45879.96 | AC38: 148807.29 | AD38: 16652.94 | AE38: =SUM(C38,E38,G38,I38,K38,M38,O38,Q38,S38,U38,W38,Y38,AA38,AC38) | AF38: =SUM(D38,F38,H38,J38,L38,N38,P38,R38,T38,V38,X38,Z38,AB38,AD38) | AG38: =AE38+AF38
A39: 34 | B39: Ulukışla | C39: 307598.94 | D39: 32580.371 | E39: 565700.5 | F39: 82140.962 | G39: 244200.69 | H39: 32955.75 | I39: 309230.88 | J39: 46638.645 | K39: 503333.29 | L39: 81179.729 | M39: 327370.47 | N39: 115873.96 | O39: 236317.11 | P39: 105135.76 | Q39: 374482.5 | R39: 71478.64 | S39: 431887.95 | T39: 105310.81 | U39: 373074.12 | V39: 75948.94 | W39: 311096.14 | X39: 56127.28 | Y39: 182917.7 | Z39: 30009.26 | AA39: 196337.7 | AB39: 37048.228 | AC39: 73098.322 | AD39: 15001.905 | AE39: =SUM(C39,E39,G39,I39,K39,M39,O39,Q39,S39,U39,W39,Y39,AA39,AC39) | AF39: =SUM(D39,F39,H39,J39,L39,N39,P39,R39,T39,V39,X39,Z39,AB39,AD39) | AG39: =AE39+AF39
A40: 35 | B40: Gelemen | C40: 260536.73 | D40: 243880.33 | Q40: 15220.305 | R40: 35980.55 | S40: 193713.2 | T40: 449446.06 | U40: 216363.79 | V40: 507911.35 | W40: 293806.07 | X40: 757653.57 | Y40: 273891.73 | Z40: 477456.74 | AA40: 339881.53 | AB40: 787895.53 | AC40: 186786.02 | AD40: 242367.93 | AE40: =SUM(C40,E40,G40,I40,K40,M40,O40,Q40,S40,U40,W40,Y40,AA40,AC40) | AF40: =SUM(D40,F40,H40,J40,L40,N40,P40,R40,T40,V40,X40,Z40,AB40,AD40) | AG40: =AE40+AF40
A41: 36 | B41: Kurşunlu | C41: 109481.54 | D41: 22058.59 | E41: 8148.5 | F41: 3216.81 | G41: 4265.46 | H41: 3053.41 | K41: 9896.85 | L41: 1651.395 | M41: 130526.4 | N41: 23464.5 | O41: 382085 | P41: 76267.6 | Q41: 583099 | R41: 106923.8 | S41: 608188.5 | T41: 99885.5 | U41: 523203 | V41: 86325 | W41: 413340.95 | X41: 73030 | Y41: 548240.82 | Z41: 173151.07 | AA41: 487755.5 | AB41: 211328.65 | AC41: 368877.47 | AD41: 78291.94 | AE41: =SUM(C41,E41,G41,I41,K41,M41,O41,Q41,S41,U41,W41,Y41,AA41,AC41) | AF41: =SUM(D41,F41,H41,J41,L41,N41,P41,R41,T41,V41,X41,Z41,AB41,AD41) | AG41: =AE41+AF41
A42: 37 | B42: Çerkezköy | C42: 137506.09 | D42: 261473.12 | E42: 199970.64 | F42: 323633.82 | G42: 256964.52 | H42: 550760.82 | I42: 104368.57 | J42: 250711.63 | K42: 80301.889 | L42: 140947.08 | M42: 181398.78 | N42: 213767.92 | O42: 225348.67 | P42: 304487.55 | Q42: 247911.43 | R42: 338888.6 | S42: 199012.93 | T42: 293019.13 | U42: 151765.11 | V42: 198038.69 | W42: 69679.719 | X42: 72221.893 | Y42: 50910.427 | Z42: 36410.781 | AA42: 42777.197 | AB42: 25143.546 | AC42: 7425.366 | AD42: 1090.686 | AE42: =SUM(C42,E42,G42,I42,K42,M42,O42,Q42,S42,U42,W42,Y42,AA42,AC42) | AF42: =SUM(D42,F42,H42,J42,L42,N42,P42,R42,T42,V42,X42,Z42,AB42,AD42) | AG42: =AE42+AF42
A43: 38 | B43: Mersin Liman | N43: 1065.6 | Q43: 373499 | R43: 458421.26 | S43: 496954.29 | T43: 528126.18 | U43: 515223.65 | V43: 615328.08 | W43: 687952.65 | X43: 791866.23 | Y43: 165829.86 | Z43: 210204.82 | AE43: =SUM(C43,E43,G43,I43,K43,M43,O43,Q43,S43,U43,W43,Y43,AA43,AC43) | AF43: =SUM(D43,F43,H43,J43,L43,N43,P43,R43,T43,V43,X43,Z43,AB43,AD43) | AG43: =AE43+AF43
A44: 39 | B44: İskenderun | C44: 39712.344 | D44: 197743.6 | E44: 66129.893 | F44: 176990.83 | G44: 104528.34 | H44: 204608.36 | I44: 106895.24 | J44: 190824.05 | K44: 113882.26 | L44: 247805.21 | M44: 129217.85 | N44: 264467.73 | O44: 159216.45 | P44: 273705.58 | Q44: 145567.46 | R44: 248265.02 | S44: 168917.04 | T44: 330134.82 | U44: 163799.93 | V44: 235115.44 | W44: 93027.5 | X44: 145667.62 | Y44: 98909.163 | Z44: 244538.88 | AA44: 142468.58 | AB44: 233663.7 | AC44: 113862.13 | AD44: 177557.67 | AE44: =SUM(C44,E44,G44,I44,K44,M44,O44,Q44,S44,U44,W44,Y44,AA44,AC44) | AF44: =SUM(D44,F44,H44,J44,L44,N44,P44,R44,T44,V44,X44,Z44,AB44,AD44) | AG44: =AE44+AF44
A45: 40 | B45: Taşkent | C45: 362699.44 | D45: 404319.86 | E45: 349712.07 | F45: 398890.78 | G45: 288629.71 | H45: 368937.42 | I45: 392885.95 | J45: 295108.68 | K45: 62333.28 | L45: 256714.05 | M45: 71637.848 | N45: 278751.61 | O45: 47488.518 | P45: 164423.73 | Q45: 63893.465 | R45: 265474.79 | S45: 56477.737 | T45: 271119.18 | U45: 49700.108 | V45: 252172.93 | W45: 18616.334 | X45: 31668.89 | Y45: 0 | AE45: =SUM(C45,E45,G45,I45,K45,M45,O45,Q45,S45,U45,W45,Y45,AA45,AC45) | AF45: =SUM(D45,F45,H45,J45,L45,N45,P45,R45,T45,V45,X45,Z45,AB45,AD45) | AG45: =AE45+AF45
A46: 41 | B46: Van | C46: 49348.439 | D46: 133088.97 | E46: 159874.99 | F46: 225148.96 | G46: 219622.11 | H46: 203320.87 | I46: 254326.47 | J46: 119787.86 | K46: 469969.35 | L46: 151535.04 | M46: 260673.09 | N46: 257845.44 | O46: 141063.22 | P46: 149153.45 | Q46: 143436.04 | R46: 169149.73 | S46: 189427.84 | T46: 173368.1 | U46: 141738.25 | V46: 151247.95 | W46: 144459.29 | X46: 142026.16 | Y46: 196441.61 | Z46: 172660.07 | AA46: 90224.303 | AB46: 82170.905 | AC46: 58675.392 | AD46: 59580.476 | AE46: =SUM(C46,E46,G46,I46,K46,M46,O46,Q46,S46,U46,W46,Y46,AA46,AC46) | AF46: =SUM(D46,F46,H46,J46,L46,N46,P46,R46,T46,V46,X46,Z46,AB46,AD46) | AG46: =AE46+AF46
A47: 42 | B47: Derince | C47: 473.3 | D47: 4006.36 | E47: 62131.945 | F47: 30105.824 | G47: 111425.17 | H47: 48620.457 | I47: 63611.879 | J47: 58086.302 | K47: 86883.705 | L47: 143216.77 | M47: 113837.87 | N47: 132968.08 | O47: 130333.15 | P47: 99077.22 | Q47: 166901.71 | R47: 212926.07 | S47: 176845.94 | T47: 399522.67 | U47: 222252.43 | V47: 647524.1 | W47: 183873.46 | X47: 493078.5 | Y47: 130700.27 | Z47: 363219.63 | AA47: 63138.341 | AB47: 177239.83 | AC47: 62454.344 | AD47: 203296.64 | AE47: =SUM(C47,E47,G47,I47,K47,M47,O47,Q47,S47,U47,W47,Y47,AA47,AC47) | AF47: =SUM(D47,F47,H47,J47,L47,N47,P47,R47,T47,V47,X47,Z47,AB47,AD47) | AG47: =AE47+AF47
A48: 43 | B48: Köseköy | C48: 6566.511 | D48: 6821 | E48: 55673.879 | F48: 66274.791 | G48: 139067.93 | H48: 206348.01 | I48: 115343.56 | J48: 235847.97 | K48: 87121.954 | L48: 229372.13 | M48: 88483.796 | N48: 242725.73 | O48: 60991.813 | P48: 224706.51 | Q48: 68269.277 | R48: 219410.78 | S48: 108442.6 | T48: 335206.88 | U48: 139651.75 | V48: 348841.7 | W48: 133323.28 | X48: 333425.6 | Y48: 80702.322 | Z48: 240997.49 | AA48: 78701.54 | AB48: 244214.66 | AC48: 51730.451 | AD48: 105138.78 | AE48: =SUM(C48,E48,G48,I48,K48,M48,O48,Q48,S48,U48,W48,Y48,AA48,AC48) | AF48: =SUM(D48,F48,H48,J48,L48,N48,P48,R48,T48,V48,X48,Z48,AB48,AD48) | AG48: =AE48+AF48
A49: 44 | B49: Ortaklar | C49: 1415.71 | D49: 2039.175 | E49: 7535.203 | F49: 25734 | G49: 24454.99 | H49: 35776.23 | I49: 24233.56 | J49: 23453.51 | K49: 94216.654 | L49: 140703.52 | M49: 77289.05 | N49: 89582.468 | O49: 213794.75 | P49: 154369.05 | Q49: 230865.62 | R49: 244766.79 | S49: 573977.57 | T49: 254168.4 | U49: 685860.79 | V49: 373053.46 | W49: 582536.81 | X49: 238494.66 | Y49: 89514.122 | Z49: 27274.51 | AA49: 226.31 | AB49: 318.285 | AC49: 325 | AE49: =SUM(C49,E49,G49,I49,K49,M49,O49,Q49,S49,U49,W49,Y49,AA49,AC49) | AF49: =SUM(D49,F49,H49,J49,L49,N49,P49,R49,T49,V49,X49,Z49,AB49,AD49) | AG49: =AE49+AF49
A50: 45 | B50: Artova | C50: 293968.34 | D50: 192893.5 | E50: 222304.73 | F50: 195414.65 | G50: 154265.46 | H50: 145205.23 | Q50: 16356.005 | R50: 13249.67 | S50: 249158.42 | T50: 147968.09 | U50: 358768.54 | V50: 185370.35 | W50: 536692.2 | X50: 238194.6 | Y50: 182118.7 | Z50: 164726.31 | AA50: 459297.55 | AB50: 204107.43 | AC50: 146562.95 | AD50: 108738.71 | AE50: =SUM(C50,E50,G50,I50,K50,M50,O50,Q50,S50,U50,W50,Y50,AA50,AC50) | AF50: =SUM(D50,F50,H50,J50,L50,N50,P50,R50,T50,V50,X50,Z50,AB50,AD50) | AG50: =AE50+AF50
A51: 46 | B51: Harput | C51: 2900 | D51: 46829.5 | E51: 4723 | F51: 144867.8 | G51: 415.3 | H51: 177915.08 | I51: 33462.09 | J51: 149265.3 | K51: 54673.831 | L51: 235773.53 | M51: 42174.945 | N51: 293117.7 | O51: 34688 | P51: 196160.99 | Q51: 44351.45 | R51: 306302.91 | S51: 74723.81 | T51: 423023.48 | U51: 54985.55 | V51: 290840.22 | W51: 59422.5 | X51: 326375.21 | Y51: 66391.2 | Z51: 377575.61 | AA51: 79860.24 | AB51: 448017.92 | AC51: 34223.2 | AD51: 195564 | AE51: =SUM(C51,E51,G51,I51,K51,M51,O51,Q51,S51,U51,W51,Y51,AA51,AC51) | AF51: =SUM(D51,F51,H51,J51,L51,N51,P51,R51,T51,V51,X51,Z51,AB51,AD51) | AG51: =AE51+AF51
A52: 47 | B52: Tekirdağ | D52: 878.888 | F52: 769 | G52: 3843.627 | H52: 774.161 | I52: 59.75 | J52: 215.31 | K52: 2 | L52: 433.5 | M52: 12 | N52: 1170.71 | O52: 33 | P52: 1077.14 | Q52: 67714.641 | R52: 132371.57 | S52: 288506.74 | T52: 436157.36 | U52: 282087.99 | V52: 416465.84 | W52: 281445.82 | X52: 356946.48 | Y52: 355731.63 | Z52: 433649.52 | AA52: 316341.96 | AB52: 416575.7 | AC52: 159408.27 | AD52: 171610.21 | AE52: =SUM(C52,E52,G52,I52,K52,M52,O52,Q52,S52,U52,W52,Y52,AA52,AC52) | AF52: =SUM(D52,F52,H52,J52,L52,N52,P52,R52,T52,V52,X52,Z52,AB52,AD52) | AG52: =AE52+AF52
A53: 48 | B53: Kemaliye Çaltı | C53: 86242.87 | D53: 16755.3 | E53: 80755.85 | F53: 203.4 | G53: 33354.75 | H53: 1352.209 | I53: 48851.05 | J53: 29.1 | K53: 94930.895 | L53: 156 | M53: 269879.92 | N53: 24 | O53: 497816.94 | P53: 10 | Q53: 591080.5 | R53: 1887.275 | S53: 726898.86 | T53: 1770 | U53: 416125.62 | W53: 283274.21 | Y53: 207132.93 | AA53: 353021.62 | AB53: 24308 | AC53: 331567.33 | AD53: 41120 | AE53: =SUM(C53,E53,G53,I53,K53,M53,O53,Q53,S53,U53,W53,Y53,AA53,AC53) | AF53: =SUM(D53,F53,H53,J53,L53,N53,P53,R53,T53,V53,X53,Z53,AB53,AD53) | AG53: =AE53+AF53
A54: 49 | B54: Edirne | C54: 5456.912 | D54: 114849.48 | E54: 2461.91 | F54: 84102.169 | G54: 24152.257 | H54: 83912.67 | I54: 123088.31 | J54: 88041.765 | K54: 162980.1 | L54: 139704.22 | M54: 416250.1 | N54: 163306.05 | O54: 443095.38 | P54: 211885.98 | Q54: 372951.7 | R54: 225455.87 | S54: 312693.3 | T54: 190635.72 | U54: 75669.763 | V54: 135600.03 | W54: 53862.816 | X54: 136840.34 | Y54: 64510.96 | Z54: 103154.79 | AA54: 34628.19 | AB54: 119877.9 | AC54: 44524.12 | AD54: 122440.12 | AE54: =SUM(C54,E54,G54,I54,K54,M54,O54,Q54,S54,U54,W54,Y54,AA54,AC54) | AF54: =SUM(D54,F54,H54,J54,L54,N54,P54,R54,T54,V54,X54,Z54,AB54,AD54) | AG54: =AE54+AF54
A55: 50 | B55: Sarayköy | C55: 159969.17 | D55: 134527.22 | E55: 194162.94 | F55: 164945.75 | G55: 177309.47 | H55: 135081.97 | I55: 237474.7 | J55: 110042.21 | K55: 238761.19 | L55: 112927.11 | M55: 258882.21 | N55: 113485.94 | O55: 229322.06 | P55: 116381.74 | Q55: 202481.51 | R55: 114511.44 | S55: 179361.56 | T55: 83012.772 | U55: 163152.56 | V55: 95510.709 | W55: 195031.69 | X55: 63966.539 | Y55: 139819.38 | Z55: 38921.24 | AA55: 148496.43 | AB55: 39719.923 | AC55: 94489.482 | AD55: 31231.691 | AE55: =SUM(C55,E55,G55,I55,K55,M55,O55,Q55,S55,U55,W55,Y55,AA55,AC55) | AF55: =SUM(D55,F55,H55,J55,L55,N55,P55,R55,T55,V55,X55,Z55,AB55,AD55) | AG55: =AE55+AF55
A56: 51 | B56: Halkapınar | C56: 813634.5 | D56: 172960.85 | E56: 372988.49 | F56: 122365.92 | G56: 425098.21 | H56: 88811.34 | I56: 503822.06 | J56: 118503.45 | K56: 355312.88 | L56: 114098.66 | M56: 177537.01 | N56: 59966.804 | O56: 144228.95 | P56: 49801.998 | Q56: 111816.52 | R56: 32092.525 | S56: 112541.86 | T56: 26487.939 | U56: 70245.381 | V56: 22468.829 | W56: 4591.46 | X56: 10082.164 | Y56: 177.14 | Z56: 9529.519 | AB56: 9845.078 | AD56: 5576.181 | AE56: =SUM(C56,E56,G56,I56,K56,M56,O56,Q56,S56,U56,W56,Y56,AA56,AC56) | AF56: =SUM(D56,F56,H56,J56,L56,N56,P56,R56,T56,V56,X56,Z56,AB56,AD56) | AG56: =AE56+AF56
A57: 52 | B57: Horozluhan | C57: 128483.57 | D57: 244165.95 | E57: 122789.05 | F57: 224922.88 | G57: 133167.62 | H57: 242732.7 | I57: 136801.89 | J57: 217927.17 | K57: 209291.68 | L57: 405576.51 | M57: 277111.53 | N57: 380207.92 | O57: 261591.26 | P57: 269049.03 | Q57: 227485.54 | R57: 223855.58 | S57: 124828.91 | T57: 96304.109 | AE57: =SUM(C57,E57,G57,I57,K57,M57,O57,Q57,S57,U57,W57,Y57,AA57,AC57) | AF57: =SUM(D57,F57,H57,J57,L57,N57,P57,R57,T57,V57,X57,Z57,AB57,AD57) | AG57: =AE57+AF57
A58: 53 | B58: Soma | C58: 267490.87 | D58: 6560.8 | E58: 307684.48 | F58: 55681.455 | G58: 259749.87 | H58: 25264.931 | I58: 325781.07 | J58: 10592.91 | K58: 279880.2 | L58: 13320.544 | M58: 378582 | N58: 17454.88 | O58: 287095.5 | P58: 18312.735 | Q58: 333224.67 | R58: 12108 | S58: 371074.73 | T58: 11838.74 | U58: 379889.22 | V58: 30296.425 | W58: 203712.37 | X58: 2388.21 | Y58: 145498.4 | Z58: 104 | AA58: 121287.25 | AB58: 990.155 | AC58: 38703.058 | AD58: 419.38 | AE58: =SUM(C58,E58,G58,I58,K58,M58,O58,Q58,S58,U58,W58,Y58,AA58,AC58) | AF58: =SUM(D58,F58,H58,J58,L58,N58,P58,R58,T58,V58,X58,Z58,AB58,AD58) | AG58: =AE58+AF58
A59: 54 | B59: Körfez | O59: 69358.398 | P59: 40723.665 | Q59: 394341.99 | R59: 311940.38 | S59: 524483.52 | T59: 428679.18 | U59: 218891.27 | V59: 313849.71 | W59: 241175.48 | X59: 249886.51 | Y59: 218103.42 | Z59: 238066.02 | AA59: 128361.52 | AB59: 207137.58 | AC59: 59909.26 | AD59: 121420.21 | AE59: =SUM(C59,E59,G59,I59,K59,M59,O59,Q59,S59,U59,W59,Y59,AA59,AC59) | AF59: =SUM(D59,F59,H59,J59,L59,N59,P59,R59,T59,V59,X59,Z59,AB59,AD59) | AG59: =AE59+AF59
A60: 55 | B60: Çukurhisar | C60: 366374.05 | D60: 190522.78 | E60: 317555.8 | F60: 146199.51 | G60: 362305.34 | H60: 145777.83 | I60: 319822.44 | J60: 125004.21 | K60: 159388.74 | L60: 81334.842 | M60: 168906.34 | N60: 106247.78 | O60: 108893.26 | P60: 78730.405 | Q60: 126263.19 | R60: 97328.81 | S60: 194187.89 | T60: 85108.555 | U60: 121166.72 | V60: 40772.12 | W60: 80552.262 | X60: 46474.063 | Y60: 63934.217 | Z60: 37303.75 | AA60: 23785.275 | AB60: 14773.35 | AC60: 12598.27 | AD60: 5896.255 | AE60: =SUM(C60,E60,G60,I60,K60,M60,O60,Q60,S60,U60,W60,Y60,AA60,AC60) | AF60: =SUM(D60,F60,H60,J60,L60,N60,P60,R60,T60,V60,X60,Z60,AB60,AD60) | AG60: =AE60+AF60
A61: 56 | B61: İmamköy | E61: 82389.5 | F61: 22624.219 | G61: 193461.45 | H61: 48693.788 | I61: 245773.56 | J61: 50905.795 | K61: 300581.88 | L61: 59878.805 | M61: 309312.09 | N61: 59998.3 | O61: 353702.09 | P61: 72562.18 | Q61: 327359.76 | R61: 61641 | S61: 385446.74 | T61: 73976.28 | U61: 317489.57 | V61: 64988.085 | W61: 155628.24 | X61: 31161.052 | Y61: 125812.93 | Z61: 24504.54 | AA61: 33550.508 | AB61: 9059.36 | AC61: 34982.07 | AD61: 7306.55 | AE61: =SUM(C61,E61,G61,I61,K61,M61,O61,Q61,S61,U61,W61,Y61,AA61,AC61) | AF61: =SUM(D61,F61,H61,J61,L61,N61,P61,R61,T61,V61,X61,Z61,AB61,AD61) | AG61: =AE61+AF61
A62: 57 | B62: Işıkveren | D62: 471546.57 | F62: 436543.66 | H62: 310206.52 | J62: 144753.17 | L62: 218162.02 | N62: 222464.17 | P62: 225600.57 | R62: 138960.49 | T62: 223873.1 | V62: 400881.65 | X62: 313980.42 | Z62: 142556.29 | AB62: 144828.98 | AD62: 30685.45 | AE62: =SUM(C62,E62,G62,I62,K62,M62,O62,Q62,S62,U62,W62,Y62,AA62,AC62) | AF62: =SUM(D62,F62,H62,J62,L62,N62,P62,R62,T62,V62,X62,Z62,AB62,AD62) | AG62: =AE62+AF62
A63: 58 | B63: Niğde | C63: 289996.07 | D63: 31541.5 | E63: 245590.65 | F63: 55279.27 | G63: 168559.52 | H63: 52788.881 | I63: 187190.72 | J63: 83922.74 | K63: 239429.83 | L63: 74011.24 | M63: 238165.92 | N63: 66721.835 | O63: 251273.32 | P63: 80803.155 | Q63: 193647.86 | R63: 69491.84 | S63: 197981.24 | T63: 69497.412 | U63: 153027.74 | V63: 77600.86 | W63: 99781.82 | X63: 43508.775 | Y63: 96636.82 | Z63: 38928.735 | AA63: 73219.88 | AB63: 28860.2 | AC63: 1733.16 | AD63: 596.766 | AE63: =SUM(C63,E63,G63,I63,K63,M63,O63,Q63,S63,U63,W63,Y63,AA63,AC63) | AF63: =SUM(D63,F63,H63,J63,L63,N63,P63,R63,T63,V63,X63,Z63,AB63,AD63) | AG63: =AE63+AF63
A64: 59 | B64: Batman | C64: 140624.26 | D64: 354934.5 | E64: 94720.56 | F64: 242109.63 | G64: 115654.99 | H64: 218847.04 | I64: 84761.84 | J64: 219272.62 | K64: 99055.487 | L64: 154908.74 | M64: 139408.04 | N64: 207196.14 | O64: 148394.38 | P64: 245082.52 | Q64: 79795.455 | R64: 173024.39 | S64: 20798.55 | T64: 62541.8 | U64: 8001.77 | V64: 54031.538 | W64: 11491 | X64: 64675.359 | Y64: 10702.625 | Z64: 72880.543 | AA64: 6104.59 | AB64: 34367.9 | AC64: 2360.8 | AD64: 13927.995 | AE64: =SUM(C64,E64,G64,I64,K64,M64,O64,Q64,S64,U64,W64,Y64,AA64,AC64) | AF64: =SUM(D64,F64,H64,J64,L64,N64,P64,R64,T64,V64,X64,Z64,AB64,AD64) | AG64: =AE64+AF64
A65: 60 | B65: Diyarbakır | C65: 16571.011 | D65: 79479.641 | E65: 10383.985 | F65: 42192.73 | G65: 6081.57 | H65: 76386.628 | I65: 7024.477 | J65: 37603.754 | K65: 7687.675 | L65: 46038.479 | M65: 36791.784 | N65: 198707.78 | O65: 87528.85 | P65: 412077.16 | Q65: 132203.46 | R65: 634450.5 | S65: 113555.31 | T65: 653105.75 | U65: 45074.46 | V65: 236935.85 | W65: 7396.65 | X65: 30005.309 | Y65: 10312.354 | Z65: 24226.606 | AA65: 16861.275 | AB65: 18060.331 | AC65: 21095.257 | AD65: 7587.014 | AE65: =SUM(C65,E65,G65,I65,K65,M65,O65,Q65,S65,U65,W65,Y65,AA65,AC65) | AF65: =SUM(D65,F65,H65,J65,L65,N65,P65,R65,T65,V65,X65,Z65,AB65,AD65) | AG65: =AE65+AF65
A66: 61 | B66: Çetinkaya | C66: 327182.32 | D66: 36408.855 | E66: 410934.05 | F66: 28208.6 | G66: 104891.6 | H66: 44003.1 | I66: 153483.45 | J66: 89132.865 | K66: 83084.7 | L66: 43263.16 | M66: 33941.55 | N66: 6845.865 | O66: 78886.85 | P66: 9317.86 | Q66: 224914.47 | R66: 39708.33 | S66: 223858.63 | T66: 23947 | U66: 275732.18 | V66: 17046.8 | W66: 221132.59 | X66: 6079.6 | Y66: 169254.89 | Z66: 950.37 | AA66: 297002.89 | AB66: 10660.5 | AC66: 40320.832 | AD66: 2562.86 | AE66: =SUM(C66,E66,G66,I66,K66,M66,O66,Q66,S66,U66,W66,Y66,AA66,AC66) | AF66: =SUM(D66,F66,H66,J66,L66,N66,P66,R66,T66,V66,X66,Z66,AB66,AD66) | AG66: =AE66+AF66
A67: 62 | B67: Yapı | C67: 209935.43 | D67: 4544.8 | E67: 130639.1 | F67: 17336.218 | G67: 91273.12 | H67: 59333.346 | I67: 73419.1 | J67: 84875.204 | K67: 296921.13 | L67: 46248.25 | M67: 360008.1 | N67: 44749.975 | O67: 47965.115 | P67: 10161.6 | U67: 17326.715 | V67: 1970 | W67: 201331.39 | X67: 41072.65 | Y67: 341931.9 | Z67: 80583.93 | AA67: 387508.78 | AB67: 149849.76 | AC67: 208191.07 | AD67: 44518.42 | AE67: =SUM(C67,E67,G67,I67,K67,M67,O67,Q67,S67,U67,W67,Y67,AA67,AC67) | AF67: =SUM(D67,F67,H67,J67,L67,N67,P67,R67,T67,V67,X67,Z67,AB67,AD67) | AG67: =AE67+AF67
A68: 63 | B68: Ömerli | K68: 600.6 | L68: 530 | Q68: 39717.629 | R68: 33987.031 | S68: 264859.21 | T68: 207713.24 | U68: 275517.92 | V68: 204477.97 | W68: 272889.62 | X68: 202331.31 | Y68: 306104.48 | Z68: 208233.35 | AA68: 339209.41 | AB68: 233515.47 | AC68: 158733.26 | AD68: 138111.4 | AE68: =SUM(C68,E68,G68,I68,K68,M68,O68,Q68,S68,U68,W68,Y68,AA68,AC68) | AF68: =SUM(D68,F68,H68,J68,L68,N68,P68,R68,T68,V68,X68,Z68,AB68,AD68) | AG68: =AE68+AF68
A69: 64 | B69: Elazığ | C69: 45403.061 | D69: 287455.72 | E69: 44421.386 | F69: 166563.26 | G69: 100539.63 | H69: 167180.07 | I69: 54397.445 | J69: 163857.2 | K69: 82723.153 | L69: 179889.86 | M69: 77558.041 | N69: 185162.11 | O69: 39348.295 | P69: 117075.26 | Q69: 60012.603 | R69: 199094.46 | S69: 45960.332 | T69: 178505.77 | U69: 31715.093 | V69: 120200.48 | W69: 18222.136 | X69: 81535.859 | Y69: 18595.058 | Z69: 105043.96 | AA69: 31301.2 | AB69: 146516.18 | AC69: 22500.301 | AD69: 73533.064 | AE69: =SUM(C69,E69,G69,I69,K69,M69,O69,Q69,S69,U69,W69,Y69,AA69,AC69) | AF69: =SUM(D69,F69,H69,J69,L69,N69,P69,R69,T69,V69,X69,Z69,AB69,AD69) | AG69: =AE69+AF69
A70: 65 | B70: Emirler | C70: 132416.2 | D70: 63792.96 | E70: 75971.9 | F70: 45409.55 | G70: 43600.8 | H70: 17822.57 | I70: 84193.3 | J70: 45174.31 | K70: 81201.1 | L70: 40247.575 | M70: 106368 | N70: 53116.275 | O70: 152369.8 | P70: 86724.079 | Q70: 119719.2 | R70: 71517.105 | S70: 187724.52 | T70: 135873.01 | U70: 202414.5 | V70: 100799.51 | W70: 111570.19 | X70: 55221.625 | Y70: 125244.21 | Z70: 61153.145 | AA70: 230571.6 | AB70: 113987.99 | AC70: 187674.5 | AD70: 92133.045 | AE70: =SUM(C70,E70,G70,I70,K70,M70,O70,Q70,S70,U70,W70,Y70,AA70,AC70) | AF70: =SUM(D70,F70,H70,J70,L70,N70,P70,R70,T70,V70,X70,Z70,AB70,AD70) | AG70: =AE70+AF70
A71: 66 | B71: Mazıdağı | U71: 55180 | V71: 205814 | W71: 73020 | X71: 414250.5 | Y71: 186961.27 | Z71: 624262.53 | AA71: 221708.65 | AB71: 551117.62 | AC71: 79519.28 | AD71: 397378.37 | AE71: =SUM(C71,E71,G71,I71,K71,M71,O71,Q71,S71,U71,W71,Y71,AA71,AC71) | AF71: =SUM(D71,F71,H71,J71,L71,N71,P71,R71,T71,V71,X71,Z71,AB71,AD71) | AG71: =AE71+AF71
A72: 67 | B72: Turgutlu | C72: 8382.683 | D72: 17710.7 | E72: 11609.17 | F72: 8042.71 | G72: 8125.25 | H72: 17096.21 | I72: 1892.775 | J72: 227 | K72: 184 | M72: 975.415 | N72: 8052.71 | O72: 15.5 | P72: 984.1 | Q72: 638.4 | R72: 189.8 | S72: 53052.9 | T72: 303198.29 | U72: 60894.87 | V72: 353476.94 | W72: 77837.5 | X72: 451102.99 | Y72: 90552.5 | Z72: 521175.2 | AA72: 75920 | AB72: 436235.26 | AC72: 38690 | AD72: 224497.6 | AE72: =SUM(C72,E72,G72,I72,K72,M72,O72,Q72,S72,U72,W72,Y72,AA72,AC72) | AF72: =SUM(D72,F72,H72,J72,L72,N72,P72,R72,T72,V72,X72,Z72,AB72,AD72) | AG72: =AE72+AF72
A73: 68 | B73: Çorlu | C73: 81478.306 | D73: 140333.44 | E73: 81440.323 | F73: 143856.99 | G73: 164238.4 | H73: 147478.61 | I73: 107888.75 | J73: 131378.07 | K73: 53054.938 | L73: 124059.92 | M73: 63666.304 | N73: 116713.08 | O73: 70132.999 | P73: 95132.145 | Q73: 70464.776 | R73: 93711.369 | S73: 99780.287 | T73: 150147.87 | U73: 123497.5 | V73: 99068.049 | W73: 67157.17 | X73: 63435.056 | Y73: 159966.47 | Z73: 83408.978 | AA73: 69742.459 | AB73: 78863.857 | AC73: 39970.759 | AD73: 41867.875 | AE73: =SUM(C73,E73,G73,I73,K73,M73,O73,Q73,S73,U73,W73,Y73,AA73,AC73) | AF73: =SUM(D73,F73,H73,J73,L73,N73,P73,R73,T73,V73,X73,Z73,AB73,AD73) | AG73: =AE73+AF73
A74: 69 | B74: Çumra | C74: 4711.7 | D74: 484898.47 | E74: 5764.7 | F74: 380824.76 | G74: 12209.05 | H74: 413568.39 | I74: 3138.31 | J74: 358361.46 | K74: 4721.565 | L74: 286636.78 | M74: 4525.8 | N74: 269161.67 | O74: 1276.854 | P74: 227360.63 | Q74: 683.13 | R74: 24227.92 | S74: 4241.89 | T74: 135202.82 | U74: 969.41 | V74: 124040.7 | W74: 3028.24 | X74: 6406.71 | Y74: 182.31 | AA74: 0 | AB74: 0 | AC74: 220.02 | AE74: =SUM(C74,E74,G74,I74,K74,M74,O74,Q74,S74,U74,W74,Y74,AA74,AC74) | AF74: =SUM(D74,F74,H74,J74,L74,N74,P74,R74,T74,V74,X74,Z74,AB74,AD74) | AG74: =AE74+AF74
A75: 70 | B75: Erzin | C75: 330862.4 | D75: 72647.14 | E75: 380639 | F75: 64076.135 | G75: 268820.64 | H75: 50240.5 | I75: 83597.185 | J75: 17659.3 | K75: 128895.24 | L75: 23493.54 | M75: 130628.53 | N75: 29206.67 | O75: 219521.4 | P75: 41309.58 | Q75: 166011 | R75: 31046.89 | S75: 105341.85 | T75: 17790 | U75: 147638.09 | V75: 24290 | W75: 103722.88 | X75: 15660 | Y75: 49978.11 | Z75: 6490 | AA75: 35612.508 | AB75: 7107.96 | AC75: 22681.474 | AD75: 3530.87 | AE75: =SUM(C75,E75,G75,I75,K75,M75,O75,Q75,S75,U75,W75,Y75,AA75,AC75) | AF75: =SUM(D75,F75,H75,J75,L75,N75,P75,R75,T75,V75,X75,Z75,AB75,AD75) | AG75: =AE75+AF75
A76: 71 | B76: Erzincan | C76: 39796.235 | D76: 111161.69 | E76: 13056.155 | F76: 291449.56 | G76: 20677.724 | H76: 187629.4 | I76: 28063.57 | J76: 410005.38 | K76: 22702.45 | L76: 307873.07 | M76: 36254.225 | N76: 349840.85 | O76: 6292.614 | P76: 142769.79 | Q76: 12718.16 | R76: 231688.85 | S76: 16027.703 | T76: 57622.297 | U76: 19392.269 | V76: 28008.268 | W76: 13106.046 | X76: 17975.182 | Y76: 8068.456 | Z76: 10810.837 | AA76: 13140.718 | AB76: 8901.349 | AC76: 2652.069 | AD76: 152847.32 | AE76: =SUM(C76,E76,G76,I76,K76,M76,O76,Q76,S76,U76,W76,Y76,AA76,AC76) | AF76: =SUM(D76,F76,H76,J76,L76,N76,P76,R76,T76,V76,X76,Z76,AB76,AD76) | AG76: =AE76+AF76
A77: 72 | B77: Göltaş | C77: 79355.66 | D77: 236538.18 | E77: 90817.8 | F77: 238700.23 | G77: 28000 | H77: 150680.59 | I77: 26590 | J77: 143638.74 | K77: 23888.95 | L77: 129745.79 | M77: 35052 | N77: 192258.23 | O77: 22825.375 | P77: 122013.16 | Q77: 29843.5 | R77: 163839.45 | S77: 27150.41 | T77: 157316.05 | U77: 30842.74 | V77: 156800.29 | W77: 30960 | X77: 168452.06 | Y77: 12681.34 | Z77: 68321.856 | AA77: 13207.71 | AB77: 82277.76 | AC77: 7351.77 | AD77: 39450.23 | AE77: =SUM(C77,E77,G77,I77,K77,M77,O77,Q77,S77,U77,W77,Y77,AA77,AC77) | AF77: =SUM(D77,F77,H77,J77,L77,N77,P77,R77,T77,V77,X77,Z77,AB77,AD77) | AG77: =AE77+AF77
A78: 73 | B78: Çavuşcugöl | C78: 389135.55 | D78: 270.2 | E78: 305394.08 | F78: 21 | G78: 326989.4 | H78: 3216 | I78: 344497.95 | J78: 5 | K78: 273414.34 | L78: 15409 | M78: 241118.65 | N78: 449.5 | O78: 218959 | P78: 6620 | Q78: 20231.2 | S78: 135634.11 | T78: 470 | U78: 103763.85 | V78: 8042.5 | W78: 7508.4 | X78: 1400 | Z78: 20 | AA78: 28063.25 | AB78: 5130 | AC78: 5791.57 | AD78: 1120 | AE78: =SUM(C78,E78,G78,I78,K78,M78,O78,Q78,S78,U78,W78,Y78,AA78,AC78) | AF78: =SUM(D78,F78,H78,J78,L78,N78,P78,R78,T78,V78,X78,Z78,AB78,AD78) | AG78: =AE78+AF78
A79: 74 | B79: Narlı | C79: 15369.9 | D79: 13058.898 | E79: 2789.814 | F79: 33446.84 | G79: 12369.246 | H79: 9533.4 | I79: 138072.48 | J79: 137562.35 | K79: 153218.57 | L79: 97340.225 | M79: 291204.15 | N79: 169403.81 | O79: 432517.99 | P79: 196476.99 | Q79: 115749.27 | R79: 169681.93 | S79: 8628.145 | T79: 13544.265 | U79: 104103.12 | V79: 28676.73 | W79: 36568.625 | X79: 18716.91 | AA79: 508.34 | AB79: 128.84 | AC79: 8326.655 | AD79: 7692.455 | AE79: =SUM(C79,E79,G79,I79,K79,M79,O79,Q79,S79,U79,W79,Y79,AA79,AC79) | AF79: =SUM(D79,F79,H79,J79,L79,N79,P79,R79,T79,V79,X79,Z79,AB79,AD79) | AG79: =AE79+AF79
A80: 75 | B80: Yunusemre | C80: 1030 | E80: 30398.126 | F80: 21556.38 | G80: 4799.763 | H80: 342.001 | I80: 7154.9 | J80: 213 | K80: 7829.365 | L80: 289.27 | M80: 128210.79 | N80: 33160.35 | Q80: 240864.59 | R80: 40777.5 | S80: 276632 | T80: 47206.6 | U80: 529206.32 | V80: 88170 | W80: 500417.48 | X80: 91008.65 | Y80: 11297.56 | Z80: 2060 | AA80: 371 | AB80: 343 | AC80: 88200.39 | AD80: 29535 | AE80: =SUM(C80,E80,G80,I80,K80,M80,O80,Q80,S80,U80,W80,Y80,AA80,AC80) | AF80: =SUM(D80,F80,H80,J80,L80,N80,P80,R80,T80,V80,X80,Z80,AB80,AD80) | AG80: =AE80+AF80
A81: 76 | B81: Süleymanlı | M81: 22860 | N81: 123036.85 | O81: 321.25 | Q81: 15647 | R81: 91943.1 | U81: 44580 | V81: 269081.22 | W81: 217721.5 | X81: 488953.98 | Y81: 233699.95 | Z81: 96982.88 | AA81: 256656.51 | AB81: 91666.025 | AC81: 153136.77 | AD81: 39203.635 | AE81: =SUM(C81,E81,G81,I81,K81,M81,O81,Q81,S81,U81,W81,Y81,AA81,AC81) | AF81: =SUM(D81,F81,H81,J81,L81,N81,P81,R81,T81,V81,X81,Z81,AB81,AD81) | AG81: =AE81+AF81
A82: 77 | B82: Ispartakule | I82: 22050 | J82: 120351.58 | K82: 49908.129 | L82: 172190.63 | M82: 75999.215 | N82: 414022.55 | O82: 74887.5 | P82: 422836.16 | Q82: 59601.15 | R82: 327149.27 | S82: 45481.25 | T82: 257232.73 | U82: 5505 | V82: 29912.945 | X82: 55 | AD82: 14683.27 | AE82: =SUM(C82,E82,G82,I82,K82,M82,O82,Q82,S82,U82,W82,Y82,AA82,AC82) | AF82: =SUM(D82,F82,H82,J82,L82,N82,P82,R82,T82,V82,X82,Z82,AB82,AD82) | AG82: =AE82+AF82
A83: 78 | B83: Himmetdede | C83: 48637.19 | D83: 217909.7 | E83: 52696.55 | F83: 225416.51 | G83: 37122.4 | H83: 213440.17 | I83: 84028.1 | J83: 196896.06 | K83: 78467.5 | L83: 284155.26 | M83: 39074 | N83: 215047.3 | O83: 12402.5 | P83: 67763.16 | Y83: 27492.28 | AA83: 63800.9 | AB83: 13615.9 | AC83: 15188.62 | AD83: 77063.7 | AE83: =SUM(C83,E83,G83,I83,K83,M83,O83,Q83,S83,U83,W83,Y83,AA83,AC83) | AF83: =SUM(D83,F83,H83,J83,L83,N83,P83,R83,T83,V83,X83,Z83,AB83,AD83) | AG83: =AE83+AF83
A84: 79 | B84: Kemalpaşa | I84: 12565.07 | J84: 2474.93 | K84: 15829.25 | L84: 15282.17 | M84: 16073.2 | N84: 19436.01 | O84: 97168.7 | P84: 13234.38 | Q84: 328488.4 | R84: 36219.67 | S84: 315889.3 | T84: 34345.201 | U84: 208368.55 | V84: 19438.55 | W84: 250471.62 | X84: 39349.451 | Y84: 193001.06 | Z84: 34046.67 | AA84: 137807.02 | AB84: 21298.84 | AC84: 85262.69 | AD84: 26697.95 | AE84: =SUM(C84,E84,G84,I84,K84,M84,O84,Q84,S84,U84,W84,Y84,AA84,AC84) | AF84: =SUM(D84,F84,H84,J84,L84,N84,P84,R84,T84,V84,X84,Z84,AB84,AD84) | AG84: =AE84+AF84
A85: 80 | B85: Bozüyük | C85: 51390.962 | D85: 191847.75 | E85: 37227.512 | F85: 146285.12 | G85: 42609.94 | H85: 137156.35 | I85: 74709.63 | J85: 388481.5 | K85: 35811.625 | L85: 178565.51 | M85: 14436.08 | N85: 64124.39 | O85: 4265.1 | P85: 1314.33 | Q85: 3098.927 | R85: 959.69 | S85: 32129.624 | T85: 83480.165 | U85: 28569.819 | V85: 129117.6 | W85: 24290.965 | X85: 74135.81 | Y85: 12923.196 | Z85: 59915.843 | AA85: 4740.1 | AB85: 17937.47 | AC85: 811.48 | AD85: 3721 | AE85: =SUM(C85,E85,G85,I85,K85,M85,O85,Q85,S85,U85,W85,Y85,AA85,AC85) | AF85: =SUM(D85,F85,H85,J85,L85,N85,P85,R85,T85,V85,X85,Z85,AB85,AD85) | AG85: =AE85+AF85
A86: 81 | B86: Lüleburgaz | C86: 5265.936 | D86: 4542.042 | E86: 36371.411 | F86: 2162.64 | G86: 49724.072 | H86: 4219.8 | I86: 53974.998 | J86: 344.366 | K86: 80961.739 | L86: 2332.95 | M86: 114883.16 | N86: 7487.062 | O86: 88504.362 | P86: 14165.713 | Q86: 36466.68 | R86: 10152.416 | S86: 156277.79 | T86: 30581.896 | U86: 237562.69 | V86: 45605.265 | W86: 249581.22 | X86: 37889.12 | Y86: 240210.46 | Z86: 12694.529 | AA86: 195656.62 | AB86: 6379.157 | AC86: 109561.16 | AD86: 8599.64 | AE86: =SUM(C86,E86,G86,I86,K86,M86,O86,Q86,S86,U86,W86,Y86,AA86,AC86) | AF86: =SUM(D86,F86,H86,J86,L86,N86,P86,R86,T86,V86,X86,Z86,AB86,AD86) | AG86: =AE86+AF86
A87: 82 | B87: Yerköy | C87: 236734.51 | D87: 48285.66 | E87: 224715.42 | F87: 67404.744 | G87: 252725.63 | H87: 89153.562 | I87: 215437.76 | J87: 62732.495 | K87: 132039.52 | L87: 25923.075 | M87: 23918.82 | N87: 24838.76 | O87: 10864.29 | P87: 157942.44 | Q87: 13966.735 | R87: 60507.665 | S87: 28486.74 | T87: 7910.428 | U87: 34807.404 | V87: 3440.955 | W87: 23545.828 | X87: 6661.125 | Y87: 15553.901 | Z87: 10787.861 | AA87: 24745.46 | AB87: 8864.56 | AC87: 20943.33 | AD87: 8756.09 | AE87: =SUM(C87,E87,G87,I87,K87,M87,O87,Q87,S87,U87,W87,Y87,AA87,AC87) | AF87: =SUM(D87,F87,H87,J87,L87,N87,P87,R87,T87,V87,X87,Z87,AB87,AD87) | AG87: =AE87+AF87
A88: 83 | B88: Aşkale | D88: 18207.7 | E88: 138362.8 | F88: 75949.725 | G88: 53490.75 | H88: 27892 | I88: 222043.24 | J88: 59056.03 | K88: 202722.85 | L88: 45759.59 | M88: 267083.45 | N88: 30959.975 | O88: 101240.33 | P88: 33079.27 | Q88: 183302.55 | R88: 46034.64 | S88: 27196.25 | T88: 23643.875 | U88: 11618 | V88: 3907.95 | W88: 21964.745 | X88: 24090.35 | Y88: 14447.8 | Z88: 36705.35 | AA88: 8789.57 | AB88: 1689.6 | AC88: 146870.7 | AD88: 866 | AE88: =SUM(C88,E88,G88,I88,K88,M88,O88,Q88,S88,U88,W88,Y88,AA88,AC88) | AF88: =SUM(D88,F88,H88,J88,L88,N88,P88,R88,T88,V88,X88,Z88,AB88,AD88) | AG88: =AE88+AF88
A89: 84 | B89: Tatvan | C89: 12020.8 | D89: 104980.81 | E89: 26398.54 | F89: 322968.95 | G89: 19488.93 | H89: 155818.25 | I89: 29014 | J89: 156283.91 | K89: 33492.15 | L89: 297463.78 | M89: 42046.46 | N89: 136634.42 | O89: 9086.255 | P89: 50243.4 | Q89: 13994.964 | R89: 80488.055 | S89: 11467.365 | T89: 61367.03 | U89: 18505.759 | V89: 56127.172 | W89: 9553.12 | X89: 43199.488 | Y89: 5892.99 | Z89: 33096.763 | AA89: 11356.882 | AB89: 38163.043 | AC89: 4886.685 | AD89: 20835.582 | AE89: =SUM(C89,E89,G89,I89,K89,M89,O89,Q89,S89,U89,W89,Y89,AA89,AC89) | AF89: =SUM(D89,F89,H89,J89,L89,N89,P89,R89,T89,V89,X89,Z89,AB89,AD89) | AG89: =AE89+AF89
A90: 85 | B90: Samsun Liman | C90: 162898.31 | D90: 556848.96 | E90: 149714.32 | F90: 282008.79 | G90: 140378.55 | H90: 89183.887 | Q90: 18216.301 | S90: 76092.808 | T90: 3088.35 | U90: 55594.955 | V90: 2377.05 | W90: 51148.612 | X90: 1411.44 | Y90: 64465.41 | Z90: 5468.704 | AA90: 89170.991 | AB90: 7000.999 | AC90: 30567.31 | AD90: 1151.7 | AE90: =SUM(C90,E90,G90,I90,K90,M90,O90,Q90,S90,U90,W90,Y90,AA90,AC90) | AF90: =SUM(D90,F90,H90,J90,L90,N90,P90,R90,T90,V90,X90,Z90,AB90,AD90) | AG90: =AE90+AF90
A91: 86 | B91: Leylek | C91: 60358.44 | D91: 4453.2 | E91: 27734.72 | F91: 2880.83 | G91: 1773.62 | H91: 48451.208 | I91: 25151.5 | J91: 62292.391 | K91: 27084.646 | L91: 78008.628 | M91: 66960.975 | N91: 128246.49 | O91: 59591.3 | P91: 137279.19 | Q91: 51241.13 | R91: 124339.63 | S91: 75282.805 | T91: 163400.81 | U91: 68342.985 | V91: 165971.16 | W91: 47782.825 | X91: 107712.62 | Y91: 38296.072 | Z91: 76945.251 | AA91: 19897.631 | AB91: 44831.461 | AC91: 19436.734 | AD91: 39605.733 | AE91: =SUM(C91,E91,G91,I91,K91,M91,O91,Q91,S91,U91,W91,Y91,AA91,AC91) | AF91: =SUM(D91,F91,H91,J91,L91,N91,P91,R91,T91,V91,X91,Z91,AB91,AD91) | AG91: =AE91+AF91
A92: 87 | B92: Hasanbey | E92: 75566.578 | F92: 109081.56 | G92: 54431.663 | H92: 104480.64 | I92: 51160.216 | J92: 133469.13 | K92: 33085.195 | L92: 35726.305 | M92: 26353.889 | N92: 18941.571 | O92: 35498.54 | P92: 30288.492 | Q92: 29218.824 | R92: 54038.596 | S92: 36265.58 | T92: 89221.957 | U92: 60526.315 | V92: 109123.92 | W92: 37440.841 | X92: 79881.834 | Y92: 54884.495 | Z92: 129777.14 | AA92: 52612.593 | AB92: 127761.48 | AC92: 58521.128 | AD92: 111648.54 | AE92: =SUM(C92,E92,G92,I92,K92,M92,O92,Q92,S92,U92,W92,Y92,AA92,AC92) | AF92: =SUM(D92,F92,H92,J92,L92,N92,P92,R92,T92,V92,X92,Z92,AB92,AD92) | AG92: =AE92+AF92
A93: 88 | B93: Gökköy | G93: 67574.294 | H93: 11083.929 | I93: 22921.473 | J93: 43386.315 | K93: 103398.69 | L93: 103493.93 | M93: 155906.21 | N93: 126326.24 | O93: 56076.508 | P93: 142873.17 | Q93: 48999.18 | R93: 98690.895 | S93: 22646.806 | T93: 147983.88 | U93: 10753.916 | V93: 132876.99 | W93: 6309.864 | X93: 156723.77 | Y93: 34794.796 | Z93: 172154.95 | AA93: 11434.244 | AB93: 22684.121 | AC93: 1483.525 | AD93: 1889.325 | AE93: =SUM(C93,E93,G93,I93,K93,M93,O93,Q93,S93,U93,W93,Y93,AA93,AC93) | AF93: =SUM(D93,F93,H93,J93,L93,N93,P93,R93,T93,V93,X93,Z93,AB93,AD93) | AG93: =AE93+AF93
A94: 89 | B94: Kapıkule | C94: 17831.722 | D94: 6410.363 | E94: 18735.557 | F94: 13393.306 | G94: 16703.102 | H94: 5758.686 | I94: 14218.265 | J94: 6252.85 | K94: 11556.699 | L94: 6271.788 | M94: 8218.115 | N94: 9956.517 | O94: 80657.288 | P94: 14750.501 | Q94: 288141.57 | R94: 31730.279 | S94: 419426.92 | T94: 46847.257 | U94: 268241.93 | V94: 38698.442 | W94: 172408.59 | X94: 28769.716 | Y94: 101760.48 | Z94: 21932.568 | AA94: 1568.426 | AB94: 4839.717 | AC94: 469.949 | AD94: 1265.828 | AE94: =SUM(C94,E94,G94,I94,K94,M94,O94,Q94,S94,U94,W94,Y94,AA94,AC94) | AF94: =SUM(D94,F94,H94,J94,L94,N94,P94,R94,T94,V94,X94,Z94,AB94,AD94) | AG94: =AE94+AF94
A95: 90 | B95: Seyitler | E95: 18360 | F95: 96006.25 | G95: 26165 | H95: 145044.15 | I95: 24820 | J95: 144900.17 | L95: 33852.5 | N95: 125110.48 | O95: 11506.554 | P95: 214180.43 | Q95: 34280.044 | R95: 201841.66 | S95: 29351.591 | T95: 150239.79 | U95: 22370.136 | V95: 98596.69 | W95: 20777.5 | X95: 107696.81 | Y95: 16185.6 | Z95: 63193.64 | AA95: 14061 | AB95: 3857.17 | AC95: 9013.15 | AD95: 15582.75 | AE95: =SUM(C95,E95,G95,I95,K95,M95,O95,Q95,S95,U95,W95,Y95,AA95,AC95) | AF95: =SUM(D95,F95,H95,J95,L95,N95,P95,R95,T95,V95,X95,Z95,AB95,AD95) | AG95: =AE95+AF95
A96: 91 | B96: Türkoğlu | C96: 19755.25 | D96: 15151.7 | E96: 31110 | F96: 7688.151 | G96: 87889.4 | H96: 813 | I96: 6942.22 | J96: 18079.3 | K96: 38435.2 | L96: 30535.56 | M96: 31336.915 | N96: 17263.44 | O96: 33830.15 | P96: 68809.667 | Q96: 115103.7 | R96: 161804.29 | S96: 62691.49 | T96: 380890.55 | U96: 105914.62 | V96: 182511.84 | W96: 18577.275 | X96: 79259.649 | Y96: 0 | AA96: 1396.88 | AB96: 8050.022 | AC96: 13363.645 | AD96: 25090.682 | AE96: =SUM(C96,E96,G96,I96,K96,M96,O96,Q96,S96,U96,W96,Y96,AA96,AC96) | AF96: =SUM(D96,F96,H96,J96,L96,N96,P96,R96,T96,V96,X96,Z96,AB96,AD96) | AG96: =AE96+AF96
A97: 92 | B97: Samsun | C97: 62802.68 | D97: 40517.952 | E97: 287579.74 | F97: 568804.61 | G97: 148646.11 | H97: 436221.45 | Q97: 77.355 | R97: 330.85 | T97: 304.45 | AE97: =SUM(C97,E97,G97,I97,K97,M97,O97,Q97,S97,U97,W97,Y97,AA97,AC97) | AF97: =SUM(D97,F97,H97,J97,L97,N97,P97,R97,T97,V97,X97,Z97,AB97,AD97) | AG97: =AE97+AF97
A98: 93 | B98: Gömeç | C98: 285966.52 | D98: 44810.306 | E98: 440639.94 | F98: 25043.685 | G98: 178945.17 | H98: 11444.7 | I98: 74570.4 | J98: 1758.1 | K98: 99850.31 | L98: 11813 | M98: 148290.15 | N98: 37901.502 | O98: 79029.2 | P98: 14535.6 | Q98: 26152.91 | R98: 4938.92 | S98: 1816.345 | T98: 8243.14 | U98: 14830.94 | V98: 1185.585 | W98: 432 | AA98: 1380 | AB98: 3046.25 | AC98: 0 | AD98: 0 | AE98: =SUM(C98,E98,G98,I98,K98,M98,O98,Q98,S98,U98,W98,Y98,AA98,AC98) | AF98: =SUM(D98,F98,H98,J98,L98,N98,P98,R98,T98,V98,X98,Z98,AB98,AD98) | AG98: =AE98+AF98
A99: 94 | B99: Gümüşdağ | Y99: 399517.17 | Z99: 157175.2 | AA99: 465981.54 | AB99: 152691.19 | AC99: 229951.92 | AD99: 86329.586 | AE99: =SUM(C99,E99,G99,I99,K99,M99,O99,Q99,S99,U99,W99,Y99,AA99,AC99) | AF99: =SUM(D99,F99,H99,J99,L99,N99,P99,R99,T99,V99,X99,Z99,AB99,AD99) | AG99: =AE99+AF99
A100: 95 | B100: Sülün | W100: 24219.44 | Y100: 185266.94 | Z100: 44755.64 | AA100: 548339.76 | AB100: 141604.89 | AC100: 426702.14 | AD100: 119295.64 | AE100: =SUM(C100,E100,G100,I100,K100,M100,O100,Q100,S100,U100,W100,Y100,AA100,AC100) | AF100: =SUM(D100,F100,H100,J100,L100,N100,P100,R100,T100,V100,X100,Z100,AB100,AD100) | AG100: =AE100+AF100
A101: 96 | B101: Kayseri | C101: 27648.15 | D101: 108776.56 | E101: 38616.107 | F101: 109367.75 | G101: 43503.06 | H101: 106521.31 | I101: 30461.48 | J101: 89946.239 | K101: 27997.135 | L101: 97507.479 | M101: 38342.825 | N101: 83357.381 | O101: 39433.465 | P101: 76539.053 | Q101: 38812.276 | R101: 80106.809 | S101: 29956.32 | T101: 64867.707 | U101: 29105.044 | V101: 72125.792 | W101: 29851.485 | X101: 69876.723 | Y101: 19707.205 | Z101: 34709.803 | AA101: 21089.005 | AB101: 34677.211 | AC101: 15107.21 | AD101: 21025.944 | AE101: =SUM(C101,E101,G101,I101,K101,M101,O101,Q101,S101,U101,W101,Y101,AA101,AC101) | AF101: =SUM(D101,F101,H101,J101,L101,N101,P101,R101,T101,V101,X101,Z101,AB101,AD101) | AG101: =AE101+AF101
A102: 97 | B102: Kayacık | S102: 58038.102 | T102: 47045.688 | U102: 262275.63 | V102: 192243.25 | W102: 282903.11 | X102: 248320.64 | Y102: 95787.423 | Z102: 80562.191 | AA102: 54431.266 | AB102: 70366.357 | AC102: 35981.773 | AD102: 34045.67 | AE102: =SUM(C102,E102,G102,I102,K102,M102,O102,Q102,S102,U102,W102,Y102,AA102,AC102) | AF102: =SUM(D102,F102,H102,J102,L102,N102,P102,R102,T102,V102,X102,Z102,AB102,AD102) | AG102: =AE102+AF102
...

Sheet Yöntem ve Notlar
A1: YÖNTEM VE NOTLAR
A3: Amaç | B3: İki ayrı SAP ZANALYSIS_PATTERN çıktısındaki istasyon bazlı yük taşıma verilerini birleştirip, gelen + giden yük toplamı en yüksek 20 istasyonu sıralamak.
A4: Kaynak dosya 1 | B4: 30aa1bf0-ZANALYSIS_PATTERN_NEW_3.xls — "İstasyon Bazlı Yük Taşımaları", 2013-2016, 307 istasyon.
A5: Kaynak dosya 2 | B5: fef7ddf6-ZANALYSIS_PATTERN__20260807T105517.750.xls — "İstasyona Göre Yük Taşımaları", 2017-2026, 334 istasyon.
A6: Birleştirme | B6: İki dosyanın yıl aralıkları çakışmadığı için (2013-2016 ve 2017-2026) mükerrer sayım riski yoktur. Veriler istasyon adı üzerinden eşleştirilerek yan yana birleştirilmiştir. Birleşik liste: 351 istasyon, 2013-2026.
A7: Ölçü birimi | B7: Netton (TON). Kaynak dosyalardaki "Giden" ve "Gelen" sütunları kullanılmıştır.
A8: Sıralama ölçütü | B8: TOPLAM = Giden + Gelen. Bu, istasyonun toplam yük trafiğidir. Bir sevkiyat çıkış istasyonunda "Giden", varış istasyonunda "Gelen" olarak sayıldığından, tüm istasyon toplamları ülke genelinde taşınan net tonajın yaklaşık iki katına denk gelir.
A9: İsim eşleştirme | B9: İstasyon adları Türkçe büyük/küçük harf kuralları (I/İ/ı/i) ve aksan farkları normalize edilerek eşleştirilmiştir. Tespit edilen tek yazım farkı: "Islahiye" (2017-2026 dosyası) ile "İslahiye" (2013-2016 dosyası) aynı istasyon kabul edilip birleştirilmiştir.
A10: Mükerrer satır | B10: 2013-2016 dosyasında "Azot" adıyla iki ayrı satır bulunmaktadır (442.056,46 ve 599,11 Netton). Aynı istasyon adı altında toplanmıştır.
A11: Ayrı tutulan adlar | B11: "Mersin" / "Mersin Liman" ve "Haydarpaşa" / "Haydarpaşa Liman" kaynak dosyalarda ayrı kayıtlar olduğu için ayrı istasyon olarak bırakılmıştır.
A12: 2026 verisi | B12: 2026 yılı kısmi veridir (dosya 07.08.2026 tarihinde alınmıştır), tam yıl ile karşılaştırılırken dikkate alınmalıdır.
A13: Doğrulama | B13: Ayrıştırma, kaynak dosyaların kendi ara toplamlarıyla karşılaştırılarak doğrulanmıştır: her satırda "Sonuç = Giden + Gelen" ve "Toplam sonuç = yıllık Sonuç toplamı" kontrolleri 0 hata vermiştir. 2013-2016 dosyasının kendi "Toplam sonuç" satırı 207.025.948,53 Netton olup hesaplanan değerle birebir örtüşmektedir. (2017-2026 dosyasında genel toplam satırı bulunmadığından satır ve sütun bazlı iç tutarlılık kontrolü uygulanmıştır.)
A14: Sayfalar | B14: "İlk 20 İstasyon": sıralı özet ve grafik. "İlk 20 - Yıl Bazında": ilk 20 istasyonun 2013-2026 yıllık dökümü. "Tüm İstasyonlar (Birleşik)": birleştirilmiş ham veri; diğer sayfalardaki tüm değerler bu sayfaya formülle bağlıdır.
